Workbook
Name DAFTAR_KELAS: 'TABEL KONVERSI'!$B$26:$B$61
Name GURU_1: 'ENTRY DATA'!$G$10
Name GURU_10: 'ENTRY DATA'!$DK$10
Name GURU_11: 'ENTRY DATA'!$DW$10
Name GURU_12: 'ENTRY DATA'!$EI$10
Name GURU_13: 'ENTRY DATA'!$EU$10
Name GURU_14: 'ENTRY DATA'!$FG$10
Name GURU_15: 'ENTRY DATA'!$FS$10
Name GURU_16: 'ENTRY DATA'!$GE$10
Name GURU_2: 'ENTRY DATA'!$S$10
Name GURU_3: 'ENTRY DATA'!$AE$10
Name GURU_4: 'ENTRY DATA'!$AQ$10
Name GURU_5: 'ENTRY DATA'!$BC$10
Name GURU_6: 'ENTRY DATA'!$BO$10
Name GURU_7: 'ENTRY DATA'!$CA$10
Name GURU_8: 'ENTRY DATA'!$CM$10
Name GURU_9: 'ENTRY DATA'!$CY$10
Name JURUSAN: 'ENTRY DATA'!$C$1
Name KELAS: 'ENTRY DATA'!$C$2
Name KKM_1: 'ENTRY DATA'!$G$9
Name KKM_10: 'ENTRY DATA'!$DK$9
Name KKM_11: 'ENTRY DATA'!$DW$9
Name KKM_12: 'ENTRY DATA'!$EI$9
Name KKM_13: 'ENTRY DATA'!$EU$9
Name KKM_14: 'ENTRY DATA'!$FG$9
Name KKM_15: 'ENTRY DATA'!$FS$9
Name KKM_16: 'ENTRY DATA'!$GE$9
Name KKM_2: 'ENTRY DATA'!$S$9
Name KKM_3: 'ENTRY DATA'!$AE$9
Name KKM_4: 'ENTRY DATA'!$AQ$9
Name KKM_5: 'ENTRY DATA'!$BC$9
Name KKM_6: 'ENTRY DATA'!$BO$9
Name KKM_7: 'ENTRY DATA'!$CA$9
Name KKM_8: 'ENTRY DATA'!$CM$9
Name KKM_9: 'ENTRY DATA'!$CY$9
Name NIP_KEPSEK: 'ENTRY DATA'!$G$4
Name NIP_WALIKELAS: 'ENTRY DATA'!$G$2
Name NM_KEPSEK: 'ENTRY DATA'!$G$3
Name NM_WALIKELAS: 'ENTRY DATA'!$G$1
Name SEMESTER: 'ENTRY DATA'!$C$3
Name TH_PELAJARAN: 'ENTRY DATA'!$C$4
Name TITIMANGSA: 'ENTRY DATA'!$C$5

Sheet ENTRY DATA
A1: Jurusan/Program | C1: MIPA | E1: Nama Wali Kelas | G1: Drs. Ahmad Fathony | IJ1: =IZ13 -> -
A2: Kelas | C2: X MIPA-1 | E2: NIP Wali Kelas | G2: 12345678 123456 1 123
A3: Semester | C3: 1 | E3: Nama Kepala Sekolah | G3: H. Abdul Basith, M.Pd.
A4: Th Pelajaran | C4: 2022/2023 | E4: NIP Kepala Sekolah | G4: 12341234 123123 1 234
A5: Titimangsa Raport | C5: Bandung, 10 Oktober 2022
A7: NO | B7: NIS | C7: NISN | D7: NAMA PESERTA DIDIK | E7: L/P | F7: KELOMPOK A (UMUM) | BZ7: KELOMPOK B (UMUM) | DV7: KELOMPOK C (PEMINATAN) | FR7: LINTAS MINAT / PENDALAMAN MINAT | GP7: SIKAP | IH7: EKSTRAKURIKULER | IW7: KEHADIRAN | IZ7: CATATAN WALI KELAS | JA7: JUMLAH NILAI | JB7: RANKING
F8: Pendidikan Agama Dan Budi Pekerti | R8: Pendidikan Pancasila dan Kewarganegaraan | AD8: Bahasa Indonesia | AP8: Matematika | BB8: Sejarah Indonesia | BN8: Bahasa Inggris | BZ8: Seni Budaya | CL8: Pendidikan Jasmani, Olah Raga dan Kesehatan | CX8: Prakarya dan Kewirausahaan | DJ8: Bahasa Sunda | DV8: =IF(C1="MIPA","Matematika","Geografi") -> Matematika | EH8: =IF(C1="MIPA","Biologi","Sejarah") -> Biologi | ET8: =IF(C1="MIPA","Fisika","Sosiologi") -> Fisika | FF8: =IF(C1="MIPA","Kimia","Ekonomi") -> Kimia | FR8: - | GD8: - | GP8: SIKAP SPIRITUAL | HL8: SIKAP SOSIAL
F9: KKM : | G9: 75 | R9: KKM : | S9: 75 | AD9: KKM : | AE9: 75 | AP9: KKM : | AQ9: 75 | BB9: KKM : | BC9: 75 | BN9: KKM : | BO9: 75 | BZ9: KKM : | CA9: 75 | CL9: KKM : | CM9: 75 | CX9: KKM : | CY9: 75 | DJ9: KKM : | DK9: 75 | DV9: KKM : | DW9: 75 | EH9: KKM : | EI9: 75 | ET9: KKM : | EU9: 75 | FF9: KKM : | FG9: 75 | FR9: KKM : | FS9: 75 | GD9: KKM : | GE9: 75
F10: Nm. Guru : | R10: Nm. Guru : | AD10: Nm. Guru : | AP10: Nm. Guru : | BB10: Nm. Guru : | BN10: Nm. Guru : | BZ10: Nm. Guru : | CL10: Nm. Guru : | CX10: Nm. Guru : | DJ10: Nm. Guru : | DV10: Nm. Guru : | EH10: Nm. Guru : | ET10: Nm. Guru : | FF10: Nm. Guru : | FR10: Nm. Guru : | GD10: Nm. Guru :
F11: PENGETAHUAN | G11: KETERAMPILAN | H11: SIKAP | J11: NILAI JADI | L11: KODE | N11: Penget | P11: Ketramp | R11: PENGETAHUAN | S11: KETERAMPILAN | T11: SIKAP | V11: NILAI JADI | X11: KODE | Z11: Penget | AB11: Ketramp | AD11: PENGETAHUAN | AE11: KETERAMPILAN | AF11: SIKAP | AH11: NILAI JADI | AJ11: KODE | AL11: Penget | AN11: Ketramp | AP11: PENGETAHUAN | AQ11: KETERAMPILAN | AR11: SIKAP | AT11: NILAI JADI | AV11: KODE | AX11: Penget | AZ11: Ketramp | BB11: PENGETAHUAN | BC11: KETERAMPILAN | BD11: SIKAP | BF11: NILAI JADI | BH11: KODE | BJ11: Penget | BL11: Ketramp | BN11: PENGETAHUAN | BO11: KETERAMPILAN | BP11: SIKAP | BR11: NILAI JADI | BT11: KODE | BV11: Penget | BX11: Ketramp | BZ11: PENGETAHUAN | CA11: KETERAMPILAN | CB11: SIKAP | CD11: NILAI JADI | CF11: KODE | CH11: Penget | CJ11: Ketramp | CL11: PENGETAHUAN | CM11: KETERAMPILAN | CN11: SIKAP | CP11: NILAI JADI | CR11: KODE | CT11: Penget | CV11: Ketramp | CX11: PENGETAHUAN | CY11: KETERAMPILAN | CZ11: SIKAP | DB11: NILAI JADI | DD11: KODE | DF11: Penget | DH11: Ketramp | DJ11: PENGETAHUAN | DK11: KETERAMPILAN | DL11: SIKAP | DN11: NILAI JADI | DP11: KODE | DR11: Penget | DT11: Ketramp | DV11: PENGETAHUAN | DW11: KETERAMPILAN | DX11: SIKAP | DZ11: NILAI JADI | EB11: KODE | ED11: Penget | EF11: Ketramp | EH11: PENGETAHUAN | EI11: KETERAMPILAN | EJ11: SIKAP | EL11: NILAI JADI | EN11: KODE | EP11: Penget | ER11: Ketramp | ET11: PENGETAHUAN | EU11: KETERAMPILAN | EV11: SIKAP | EX11: NILAI JADI | EZ11: KODE | FB11: Penget | FD11: Ketramp | FF11: PENGETAHUAN | FG11: KETERAMPILAN | FH11: SIKAP | FJ11: NILAI JADI | FL11: KODE | FN11: Penget | FP11: Ketramp | FR11: PENGETAHUAN | FS11: KETERAMPILAN | FT11: SIKAP | FV11: NILAI JADI | FX11: KODE | FZ11: Penget | GB11: Ketramp | GD11: PENGETAHUAN | GE11: KETERAMPILAN | GF11: SIKAP | GH11: NILAI JADI | GJ11: KODE | GL11: Penget | GN11: Ketramp | HF11: Jml. Kemunculan | HJ11: Predikat | HK11: Deskripsi | IB11: Jml. Kemunculan | IF11: Predikat | IG11: Deskripsi | IH11: EksKul 1 | II11: NILAI | IJ11: N.Eks1 | IK11: EksKul 2 | IL11: NILAI | IM11: N.Eks2 | IN11: EksKul 3 | IO11: NILAI | IP11: N.Eks3 | IQ11: EksKul 4 | IR11: NILAI | IS11: N.Eks4 | IT11: EksKul 5 | IU11: NILAI | IV11: N.Eks5 | IW11: S | IX11: I | IY11: TK
H12: SPI | I12: SOS | J12: P | K12: K | L12: Peng | M12: Ket | N12: Nil | O12: Pred | P12: Nil | Q12: Pred | T12: SPI | U12: SOS | V12: P | W12: K | X12: Peng | Y12: Ket | Z12: Nil | AA12: Pred | AB12: Nil | AC12: Pred | AF12: SPI | AG12: SOS | AH12: P | AI12: K | AJ12: Peng | AK12: Ket | AL12: Nil | AM12: Pred | AN12: Nil | AO12: Pred | AR12: SPI | AS12: SOS | AT12: P | AU12: K | AV12: Peng | AW12: Ket | AX12: Nil | AY12: Pred | AZ12: Nil | BA12: Pred | BD12: SPI | BE12: SOS | BF12: P | BG12: K | BH12: Peng | BI12: Ket | BJ12: Nil | BK12: Pred | BL12: Nil | BM12: Pred | BP12: SPI | BQ12: SOS | BR12: P | BS12: K | BT12: Peng | BU12: Ket | BV12: Nil | BW12: Pred | BX12: Nil | BY12: Pred | CB12: SPI | CC12: SOS | CD12: P | CE12: K | CF12: Peng | CG12: Ket | CH12: Nil | CI12: Pred | CJ12: Nil | CK12: Pred | CN12: SPI | CO12: SOS | CP12: P | CQ12: K | CR12: Peng | CS12: Ket | CT12: Nil | CU12: Pred | CV12: Nil | CW12: Pred | CZ12: SPI | DA12: SOS | DB12: P | DC12: K | DD12: Peng | DE12: Ket | DF12: Nil | DG12: Pred | DH12: Nil | DI12: Pred | DL12: SPI | DM12: SOS | DN12: P | DO12: K | DP12: Peng | DQ12: Ket | DR12: Nil | DS12: Pred | DT12: Nil | DU12: Pred | DX12: SPI | DY12: SOS | DZ12: P | EA12: K | EB12: Peng | EC12: Ket | ED12: Nil | EE12: Pred | EF12: Nil | EG12: Pred | EJ12: SPI | EK12: SOS | EL12: P | EM12: K | EN12: Peng | EO12: Ket | EP12: Nil | EQ12: Pred | ER12: Nil | ES12: Pred | EV12: SPI | EW12: SOS | EX12: P | EY12: K | EZ12: Peng | FA12: Ket | FB12: Nil | FC12: Pred | FD12: Nil | FE12: Pred | FH12: SPI | FI12: SOS | FJ12: P | FK12: K | FL12: Peng | FM12: Ket | FN12: Nil | FO12: Pred | FP12: Nil | FQ12: Pred | FT12: SPI | FU12: SOS | FV12: P | FW12: K | FX12: Peng | FY12: Ket | FZ12: Nil | GA12: Pred | GB12: Nil | GC12: Pred | GF12: SPI | GG12: SOS | GH12: P | GI12: K | GJ12: Peng | GK12: Ket | GL12: Nil | GM12: Pred | GN12: Nil | GO12: Pred | HF12: A | HG12: B | HH12: C | HI12: D | IB12: A | IC12: B | ID12: C | IE12: D
A13: 1 | J13: =IF(F13<>"",ROUND(F13,0),"") | K13: =IF(G13<>"",ROUND(G13,0),"") | L13: =IF(J13<>"",IF(AND(J13>='TABEL KONVERSI'!$B$3,'ENTRY DATA'!J13<='TABEL KONVERSI'!$C$3),1,IF(AND(J13>='TABEL KONVERSI'!$B$4,'ENTRY DATA'!J13<='TABEL KONVERSI'!$C$4),2,IF(AND(J13>='TABEL KONVERSI'!$B$5,'ENTRY DATA'!J13<='TABEL KONVERSI'!$C$5),3,IF(AND(J13>='TABEL KONVERSI'!$B$6,'ENTRY DATA'!J13<='TABEL KONVERSI'!$C$6),4,"")))),"-") -> - | M13: =IF(K13<>"",IF(AND(K13>='TABEL KONVERSI'!$B$3,'ENTRY DATA'!K13<='TABEL KONVERSI'!$C$3),1,IF(AND(K13>='TABEL KONVERSI'!$B$4,'ENTRY DATA'!K13<='TABEL KONVERSI'!$C$4),2,IF(AND(K13>='TABEL KONVERSI'!$B$5,'ENTRY DATA'!K13<='TABEL KONVERSI'!$C$5),3,IF(AND(K13>='TABEL KONVERSI'!$B$6,'ENTRY DATA'!K13<='TABEL KONVERSI'!$C$6),4,"")))),"-") -> - | N13: =IF(J13<>"",J13,"-") -> - | O13: =VLOOKUP(L13,'TABEL KONVERSI'!$A$3:$D$7,4) -> - | P13: =IF(K13<>"",K13,"-") -> - | Q13: =VLOOKUP(M13,'TABEL KONVERSI'!$A$3:$D$7,4) -> - | V13: =IF(R13<>"",ROUND(R13,0),"") | W13: =IF(S13<>"",ROUND(S13,0),"") | X13: =IF(V13<>"",IF(AND(V13>='TABEL KONVERSI'!$B$3,'ENTRY DATA'!V13<='TABEL KONVERSI'!$C$3),1,IF(AND(V13>='TABEL KONVERSI'!$B$4,'ENTRY DATA'!V13<='TABEL KONVERSI'!$C$4),2,IF(AND(V13>='TABEL KONVERSI'!$B$5,'ENTRY DATA'!V13<='TABEL KONVERSI'!$C$5),3,IF(AND(V13>='TABEL KONVERSI'!$B$6,'ENTRY DATA'!V13<='TABEL KONVERSI'!$C$6),4,"")))),"-") -> - | Y13: =IF(W13<>"",IF(AND(W13>='TABEL KONVERSI'!$B$3,'ENTRY DATA'!W13<='TABEL KONVERSI'!$C$3),1,IF(AND(W13>='TABEL KONVERSI'!$B$4,'ENTRY DATA'!W13<='TABEL KONVERSI'!$C$4),2,IF(AND(W13>='TABEL KONVERSI'!$B$5,'ENTRY DATA'!W13<='TABEL KONVERSI'!$C$5),3,IF(AND(W13>='TABEL KONVERSI'!$B$6,'ENTRY DATA'!W13<='TABEL KONVERSI'!$C$6),4,"")))),"-") -> - | Z13: =IF(V13<>"",V13,"-") -> - | AA13: =VLOOKUP(X13,'TABEL KONVERSI'!$A$3:$D$7,4) -> - | AB13: =IF(W13<>"",W13,"-") -> - | AC13: =VLOOKUP(Y13,'TABEL KONVERSI'!$A$3:$D$7,4) -> - | AH13: =IF(AD13<>"",ROUND(AD13,0),"") | AI13: =IF(AE13<>"",ROUND(AE13,0),"") | AJ13: =IF(AH13<>"",IF(AND(AH13>='TABEL KONVERSI'!$B$3,'ENTRY DATA'!AH13<='TABEL KONVERSI'!$C$3),1,IF(AND(AH13>='TABEL KONVERSI'!$B$4,'ENTRY DATA'!AH13<='TABEL KONVERSI'!$C$4),2,IF(AND(AH13>='TABEL KONVERSI'!$B$5,'ENTRY DATA'!AH13<='TABEL KONVERSI'!$C$5),3,IF(AND(AH13>='TABEL KONVERSI'!$B$6,'ENTRY DATA'!AH13<='TABEL KONVERSI'!$C$6),4,"")))),"-") -> - | AK13: =IF(AI13<>"",IF(AND(AI13>='TABEL KONVERSI'!$B$3,'ENTRY DATA'!AI13<='TABEL KONVERSI'!$C$3),1,IF(AND(AI13>='TABEL KONVERSI'!$B$4,'ENTRY DATA'!AI13<='TABEL KONVERSI'!$C$4),2,IF(AND(AI13>='TABEL KONVERSI'!$B$5,'ENTRY DATA'!AI13<='TABEL KONVERSI'!$C$5),3,IF(AND(AI13>='TABEL KONVERSI'!$B$6,'ENTRY DATA'!AI13<='TABEL KONVERSI'!$C$6),4,"")))),"-") -> - | AL13: =IF(AH13<>"",AH13,"-") -> - | AM13: =VLOOKUP(AJ13,'TABEL KONVERSI'!$A$3:$D$7,4) -> - | AN13: =IF(AI13<>"",AI13,"-") -> - | AO13: =VLOOKUP(AK13,'TABEL KONVERSI'!$A$3:$D$7,4) -> - | AT13: =IF(AP13<>"",ROUND(AP13,0),"") | AU13: =IF(AQ13<>"",ROUND(AQ13,0),"") | AV13: =IF(AT13<>"",IF(AND(AT13>='TABEL KONVERSI'!$B$3,'ENTRY DATA'!AT13<='TABEL KONVERSI'!$C$3),1,IF(AND(AT13>='TABEL KONVERSI'!$B$4,'ENTRY DATA'!AT13<='TABEL KONVERSI'!$C$4),2,IF(AND(AT13>='TABEL KONVERSI'!$B$5,'ENTRY DATA'!AT13<='TABEL KONVERSI'!$C$5),3,IF(AND(AT13>='TABEL KONVERSI'!$B$6,'ENTRY DATA'!AT13<='TABEL KONVERSI'!$C$6),4,"")))),"-") -> - | AW13: =IF(AU13<>"",IF(AND(AU13>='TABEL KONVERSI'!$B$3,'ENTRY DATA'!AU13<='TABEL KONVERSI'!$C$3),1,IF(AND(AU13>='TABEL KONVERSI'!$B$4,'ENTRY DATA'!AU13<='TABEL KONVERSI'!$C$4),2,IF(AND(AU13>='TABEL KONVERSI'!$B$5,'ENTRY DATA'!AU13<='TABEL KONVERSI'!$C$5),3,IF(AND(AU13>='TABEL KONVERSI'!$B$6,'ENTRY DATA'!AU13<='TABEL KONVERSI'!$C$6),4,"")))),"-") -> - | AX13: =IF(AT13<>"",AT13,"-") -> - | AY13: =VLOOKUP(AV13,'TABEL KONVERSI'!$A$3:$D$7,4) -> - | AZ13: =IF(AU13<>"",AU13,"-") -> - | BA13: =VLOOKUP(AW13,'TABEL KONVERSI'!$A$3:$D$7,4) -> - | BF13: =IF(BB13<>"",ROUND(BB13,0),"") | BG13: =IF(BC13<>"",ROUND(BC13,0),"") | BH13: =IF(BF13<>"",IF(AND(BF13>='TABEL KONVERSI'!$B$3,'ENTRY DATA'!BF13<='TABEL KONVERSI'!$C$3),1,IF(AND(BF13>='TABEL KONVERSI'!$B$4,'ENTRY DATA'!BF13<='TABEL KONVERSI'!$C$4),2,IF(AND(BF13>='TABEL KONVERSI'!$B$5,'ENTRY DATA'!BF13<='TABEL KONVERSI'!$C$5),3,IF(AND(BF13>='TABEL KONVERSI'!$B$6,'ENTRY DATA'!BF13<='TABEL KONVERSI'!$C$6),4,"")))),"-") -> - | BI13: =IF(BG13<>"",IF(AND(BG13>='TABEL KONVERSI'!$B$3,'ENTRY DATA'!BG13<='TABEL KONVERSI'!$C$3),1,IF(AND(BG13>='TABEL KONVERSI'!$B$4,'ENTRY DATA'!BG13<='TABEL KONVERSI'!$C$4),2,IF(AND(BG13>='TABEL KONVERSI'!$B$5,'ENTRY DATA'!BG13<='TABEL KONVERSI'!$C$5),3,IF(AND(BG13>='TABEL KONVERSI'!$B$6,'ENTRY DATA'!BG13<='TABEL KONVERSI'!$C$6),4,"")))),"-") -> - | BJ13: =IF(BF13<>"",BF13,"-") -> - | BK13: =VLOOKUP(BH13,'TABEL KONVERSI'!$A$3:$D$7,4) -> - | BL13: =IF(BG13<>"",BG13,"-") -> - | BM13: =VLOOKUP(BI13,'TABEL KONVERSI'!$A$3:$D$7,4) -> - | BR13: =IF(BN13<>"",ROUND(BN13,0),"") | BS13: =IF(BO13<>"",ROUND(BO13,0),"") | BT13: =IF(BR13<>"",IF(AND(BR13>='TABEL KONVERSI'!$B$3,'ENTRY DATA'!BR13<='TABEL KONVERSI'!$C$3),1,IF(AND(BR13>='TABEL KONVERSI'!$B$4,'ENTRY DATA'!BR13<='TABEL KONVERSI'!$C$4),2,IF(AND(BR13>='TABEL KONVERSI'!$B$5,'ENTRY DATA'!BR13<='TABEL KONVERSI'!$C$5),3,IF(AND(BR13>='TABEL KONVERSI'!$B$6,'ENTRY DATA'!BR13<='TABEL KONVERSI'!$C$6),4,"")))),"-") -> - | BU13: =IF(BS13<>"",IF(AND(BS13>='TABEL KONVERSI'!$B$3,'ENTRY DATA'!BS13<='TABEL KONVERSI'!$C$3),1,IF(AND(BS13>='TABEL KONVERSI'!$B$4,'ENTRY DATA'!BS13<='TABEL KONVERSI'!$C$4),2,IF(AND(BS13>='TABEL KONVERSI'!$B$5,'ENTRY DATA'!BS13<='TABEL KONVERSI'!$C$5),3,IF(AND(BS13>='TABEL KONVERSI'!$B$6,'ENTRY DATA'!BS13<='TABEL KONVERSI'!$C$6),4,"")))),"-") -> - | BV13: =IF(BR13<>"",BR13,"-") -> - | BW13: =VLOOKUP(BT13,'TABEL KONVERSI'!$A$3:$D$7,4) -> - | BX13: =IF(BS13<>"",BS13,"-") -> - | BY13: =VLOOKUP(BU13,'TABEL KONVERSI'!$A$3:$D$7,4) -> - | CD13: =IF(BZ13<>"",ROUND(BZ13,0),"") | CE13: =IF(CA13<>"",ROUND(CA13,0),"") | CF13: =IF(CD13<>"",IF(AND(CD13>='TABEL KONVERSI'!$B$3,'ENTRY DATA'!CD13<='TABEL KONVERSI'!$C$3),1,IF(AND(CD13>='TABEL KONVERSI'!$B$4,'ENTRY DATA'!CD13<='TABEL KONVERSI'!$C$4),2,IF(AND(CD13>='TABEL KONVERSI'!$B$5,'ENTRY DATA'!CD13<='TABEL KONVERSI'!$C$5),3,IF(AND(CD13>='TABEL KONVERSI'!$B$6,'ENTRY DATA'!CD13<='TABEL KONVERSI'!$C$6),4,"")))),"-") -> - | CG13: =IF(CE13<>"",IF(AND(CE13>='TABEL KONVERSI'!$B$3,'ENTRY DATA'!CE13<='TABEL KONVERSI'!$C$3),1,IF(AND(CE13>='TABEL KONVERSI'!$B$4,'ENTRY DATA'!CE13<='TABEL KONVERSI'!$C$4),2,IF(AND(CE13>='TABEL KONVERSI'!$B$5,'ENTRY DATA'!CE13<='TABEL KONVERSI'!$C$5),3,IF(AND(CE13>='TABEL KONVERSI'!$B$6,'ENTRY DATA'!CE13<='TABEL KONVERSI'!$C$6),4,"")))),"-") -> - | CH13: =IF(CD13<>"",CD13,"-") -> - | CI13: =VLOOKUP(CF13,'TABEL KONVERSI'!$A$3:$D$7,4) -> - | CJ13: =IF(CE13<>"",CE13,"-") -> - | CK13: =VLOOKUP(CG13,'TABEL KONVERSI'!$A$3:$D$7,4) -> - | CP13: =IF(CL13<>"",ROUND(CL13,0),"") | CQ13: =IF(CM13<>"",ROUND(CM13,0),"") | CR13: =IF(CP13<>"",IF(AND(CP13>='TABEL KONVERSI'!$B$3,'ENTRY DATA'!CP13<='TABEL KONVERSI'!$C$3),1,IF(AND(CP13>='TABEL KONVERSI'!$B$4,'ENTRY DATA'!CP13<='TABEL KONVERSI'!$C$4),2,IF(AND(CP13>='TABEL KONVERSI'!$B$5,'ENTRY DATA'!CP13<='TABEL KONVERSI'!$C$5),3,IF(AND(CP13>='TABEL KONVERSI'!$B$6,'ENTRY DATA'!CP13<='TABEL KONVERSI'!$C$6),4,"")))),"-") -> - | CS13: =IF(CQ13<>"",IF(AND(CQ13>='TABEL KONVERSI'!$B$3,'ENTRY DATA'!CQ13<='TABEL KONVERSI'!$C$3),1,IF(AND(CQ13>='TABEL KONVERSI'!$B$4,'ENTRY DATA'!CQ13<='TABEL KONVERSI'!$C$4),2,IF(AND(CQ13>='TABEL KONVERSI'!$B$5,'ENTRY DATA'!CQ13<='TABEL KONVERSI'!$C$5),3,IF(AND(CQ13>='TABEL KONVERSI'!$B$6,'ENTRY DATA'!CQ13<='TABEL KONVERSI'!$C$6),4,"")))),"-") -> - | CT13: =IF(CP13<>"",CP13,"-") -> - | CU13: =VLOOKUP(CR13,'TABEL KONVERSI'!$A$3:$D$7,4) -> - | CV13: =IF(CQ13<>"",CQ13,"-") -> - | CW13: =VLOOKUP(CS13,'TABEL KONVERSI'!$A$3:$D$7,4) -> - | DB13: =IF(CX13<>"",ROUND(CX13,0),"") | DC13: =IF(CY13<>"",ROUND(CY13,0),"") | DD13: =IF(DB13<>"",IF(AND(DB13>='TABEL KONVERSI'!$B$3,'ENTRY DATA'!DB13<='TABEL KONVERSI'!$C$3),1,IF(AND(DB13>='TABEL KONVERSI'!$B$4,'ENTRY DATA'!DB13<='TABEL KONVERSI'!$C$4),2,IF(AND(DB13>='TABEL KONVERSI'!$B$5,'ENTRY DATA'!DB13<='TABEL KONVERSI'!$C$5),3,IF(AND(DB13>='TABEL KONVERSI'!$B$6,'ENTRY DATA'!DB13<='TABEL KONVERSI'!$C$6),4,"")))),"-") -> - | DE13: =IF(DC13<>"",IF(AND(DC13>='TABEL KONVERSI'!$B$3,'ENTRY DATA'!DC13<='TABEL KONVERSI'!$C$3),1,IF(AND(DC13>='TABEL KONVERSI'!$B$4,'ENTRY DATA'!DC13<='TABEL KONVERSI'!$C$4),2,IF(AND(DC13>='TABEL KONVERSI'!$B$5,'ENTRY DATA'!DC13<='TABEL KONVERSI'!$C$5),3,IF(AND(DC13>='TABEL KONVERSI'!$B$6,'ENTRY DATA'!DC13<='TABEL KONVERSI'!$C$6),4,"")))),"-") -> - | DF13: =IF(DB13<>"",DB13,"-") -> - | DG13: =VLOOKUP(DD13,'TABEL KONVERSI'!$A$3:$D$7,4) -> - | DH13: =IF(DC13<>"",DC13,"-") -> - | DI13: =VLOOKUP(DE13,'TABEL KONVERSI'!$A$3:$D$7,4) -> - | DN13: =IF(DJ13<>"",ROUND(DJ13,0),"") | DO13: =IF(DK13<>"",ROUND(DK13,0),"") | DP13: =IF(DN13<>"",IF(AND(DN13>='TABEL KONVERSI'!$B$3,'ENTRY DATA'!DN13<='TABEL KONVERSI'!$C$3),1,IF(AND(DN13>='TABEL KONVERSI'!$B$4,'ENTRY DATA'!DN13<='TABEL KONVERSI'!$C$4),2,IF(AND(DN13>='TABEL KONVERSI'!$B$5,'ENTRY DATA'!DN13<='TABEL KONVERSI'!$C$5),3,IF(AND(DN13>='TABEL KONVERSI'!$B$6,'ENTRY DATA'!DN13<='TABEL KONVERSI'!$C$6),4,"")))),"-") -> - | DQ13: =IF(DO13<>"",IF(AND(DO13>='TABEL KONVERSI'!$B$3,'ENTRY DATA'!DO13<='TABEL KONVERSI'!$C$3),1,IF(AND(DO13>='TABEL KONVERSI'!$B$4,'ENTRY DATA'!DO13<='TABEL KONVERSI'!$C$4),2,IF(AND(DO13>='TABEL KONVERSI'!$B$5,'ENTRY DATA'!DO13<='TABEL KONVERSI'!$C$5),3,IF(AND(DO13>='TABEL KONVERSI'!$B$6,'ENTRY DATA'!DO13<='TABEL KONVERSI'!$C$6),4,"")))),"-") -> - | DR13: =IF(DN13<>"",DN13,"-") -> - | DS13: =VLOOKUP(DP13,'TABEL KONVERSI'!$A$3:$D$7,4) -> - | DT13: =IF(DO13<>"",DO13,"-") -> - | DU13: =VLOOKUP(DQ13,'TABEL KONVERSI'!$A$3:$D$7,4) -> - | DZ13: =IF(DV13<>"",ROUND(DV13,0),"") | EA13: =IF(DW13<>"",ROUND(DW13,0),"") | EB13: =IF(DZ13<>"",IF(AND(DZ13>='TABEL KONVERSI'!$B$3,'ENTRY DATA'!DZ13<='TABEL KONVERSI'!$C$3),1,IF(AND(DZ13>='TABEL KONVERSI'!$B$4,'ENTRY DATA'!DZ13<='TABEL KONVERSI'!$C$4),2,IF(AND(DZ13>='TABEL KONVERSI'!$B$5,'ENTRY DATA'!DZ13<='TABEL KONVERSI'!$C$5),3,IF(AND(DZ13>='TABEL KONVERSI'!$B$6,'ENTRY DATA'!DZ13<='TABEL KONVERSI'!$C$6),4,"")))),"-") -> - | EC13: =IF(EA13<>"",IF(AND(EA13>='TABEL KONVERSI'!$B$3,'ENTRY DATA'!EA13<='TABEL KONVERSI'!$C$3),1,IF(AND(EA13>='TABEL KONVERSI'!$B$4,'ENTRY DATA'!EA13<='TABEL KONVERSI'!$C$4),2,IF(AND(EA13>='TABEL KONVERSI'!$B$5,'ENTRY DATA'!EA13<='TABEL KONVERSI'!$C$5),3,IF(AND(EA13>='TABEL KONVERSI'!$B$6,'ENTRY DATA'!EA13<='TABEL KONVERSI'!$C$6),4,"")))),"-") -> - | ED13: =IF(DZ13<>"",DZ13,"-") -> - | EE13: =VLOOKUP(EB13,'TABEL KONVERSI'!$A$3:$D$7,4) -> - | EF13: =IF(EA13<>"",EA13,"-") -> - | EG13: =VLOOKUP(EC13,'TABEL KONVERSI'!$A$3:$D$7,4) -> - | EL13: =IF(EH13<>"",ROUND(EH13,0),"") | EM13: =IF(EI13<>"",ROUND(EI13,0),"") | EN13: =IF(EL13<>"",IF(AND(EL13>='TABEL KONVERSI'!$B$3,'ENTRY DATA'!EL13<='TABEL KONVERSI'!$C$3),1,IF(AND(EL13>='TABEL KONVERSI'!$B$4,'ENTRY DATA'!EL13<='TABEL KONVERSI'!$C$4),2,IF(AND(EL13>='TABEL KONVERSI'!$B$5,'ENTRY DATA'!EL13<='TABEL KONVERSI'!$C$5),3,IF(AND(EL13>='TABEL KONVERSI'!$B$6,'ENTRY DATA'!EL13<='TABEL KONVERSI'!$C$6),4,"")))),"-") -> - | EO13: =IF(EM13<>"",IF(AND(EM13>='TABEL KONVERSI'!$B$3,'ENTRY DATA'!EM13<='TABEL KONVERSI'!$C$3),1,IF(AND(EM13>='TABEL KONVERSI'!$B$4,'ENTRY DATA'!EM13<='TABEL KONVERSI'!$C$4),2,IF(AND(EM13>='TABEL KONVERSI'!$B$5,'ENTRY DATA'!EM13<='TABEL KONVERSI'!$C$5),3,IF(AND(EM13>='TABEL KONVERSI'!$B$6,'ENTRY DATA'!EM13<='TABEL KONVERSI'!$C$6),4,"")))),"-") -> - | EP13: =IF(EL13<>"",EL13,"-") -> - | EQ13: =VLOOKUP(EN13,'TABEL KONVERSI'!$A$3:$D$7,4) -> - | ER13: =IF(EM13<>"",EM13,"-") -> - | ES13: =VLOOKUP(EO13,'TABEL KONVERSI'!$A$3:$D$7,4) -> - | EX13: =IF(ET13<>"",ROUND(ET13,0),"") | EY13: =IF(EU13<>"",ROUND(EU13,0),"") | EZ13: =IF(EX13<>"",IF(AND(EX13>='TABEL KONVERSI'!$B$3,'ENTRY DATA'!EX13<='TABEL KONVERSI'!$C$3),1,IF(AND(EX13>='TABEL KONVERSI'!$B$4,'ENTRY DATA'!EX13<='TABEL KONVERSI'!$C$4),2,IF(AND(EX13>='TABEL KONVERSI'!$B$5,'ENTRY DATA'!EX13<='TABEL KONVERSI'!$C$5),3,IF(AND(EX13>='TABEL KONVERSI'!$B$6,'ENTRY DATA'!EX13<='TABEL KONVERSI'!$C$6),4,"")))),"-") -> - | FA13: =IF(EY13<>"",IF(AND(EY13>='TABEL KONVERSI'!$B$3,'ENTRY DATA'!EY13<='TABEL KONVERSI'!$C$3),1,IF(AND(EY13>='TABEL KONVERSI'!$B$4,'ENTRY DATA'!EY13<='TABEL KONVERSI'!$C$4),2,IF(AND(EY13>='TABEL KONVERSI'!$B$5,'ENTRY DATA'!EY13<='TABEL KONVERSI'!$C$5),3,IF(AND(EY13>='TABEL KONVERSI'!$B$6,'ENTRY DATA'!EY13<='TABEL KONVERSI'!$C$6),4,"")))),"-") -> - | FB13: =IF(EX13<>"",EX13,"-") -> - | FC13: =VLOOKUP(EZ13,'TABEL KONVERSI'!$A$3:$D$7,4) -> - | FD13: =IF(EY13<>"",EY13,"-") -> - | FE13: =VLOOKUP(FA13,'TABEL KONVERSI'!$A$3:$D$7,4) -> - | FJ13: =IF(FF13<>"",ROUND(FF13,0),"") | FK13: =IF(FG13<>"",ROUND(FG13,0),"") | FL13: =IF(FJ13<>"",IF(AND(FJ13>='TABEL KONVERSI'!$B$3,'ENTRY DATA'!FJ13<='TABEL KONVERSI'!$C$3),1,IF(AND(FJ13>='TABEL KONVERSI'!$B$4,'ENTRY DATA'!FJ13<='TABEL KONVERSI'!$C$4),2,IF(AND(FJ13>='TABEL KONVERSI'!$B$5,'ENTRY DATA'!FJ13<='TABEL KONVERSI'!$C$5),3,IF(AND(FJ13>='TABEL KONVERSI'!$B$6,'ENTRY DATA'!FJ13<='TABEL KONVERSI'!$C$6),4,"")))),"-") -> - | FM13: =IF(FK13<>"",IF(AND(FK13>='TABEL KONVERSI'!$B$3,'ENTRY DATA'!FK13<='TABEL KONVERSI'!$C$3),1,IF(AND(FK13>='TABEL KONVERSI'!$B$4,'ENTRY DATA'!FK13<='TABEL KONVERSI'!$C$4),2,IF(AND(FK13>='TABEL KONVERSI'!$B$5,'ENTRY DATA'!FK13<='TABEL KONVERSI'!$C$5),3,IF(AND(FK13>='TABEL KONVERSI'!$B$6,'ENTRY DATA'!FK13<='TABEL KONVERSI'!$C$6),4,"")))),"-") -> - | FN13: =IF(FJ13<>"",FJ13,"-") -> - | FO13: =VLOOKUP(FL13,'TABEL KONVERSI'!$A$3:$D$7,4) -> - | FP13: =IF(FK13<>"",FK13,"-") -> - | FQ13: =VLOOKUP(FM13,'TABEL KONVERSI'!$A$3:$D$7,4) -> - | FV13: =IF(FR13<>"",ROUND(FR13,0),"") | FW13: =IF(FS13<>"",ROUND(FS13,0),"") | FX13: =IF(FV13<>"",IF(AND(FV13>='TABEL KONVERSI'!$B$3,'ENTRY DATA'!FV13<='TABEL KONVERSI'!$C$3),1,IF(AND(FV13>='TABEL KONVERSI'!$B$4,'ENTRY DATA'!FV13<='TABEL KONVERSI'!$C$4),2,IF(AND(FV13>='TABEL KONVERSI'!$B$5,'ENTRY DATA'!FV13<='TABEL KONVERSI'!$C$5),3,IF(AND(FV13>='TABEL KONVERSI'!$B$6,'ENTRY DATA'!FV13<='TABEL KONVERSI'!$C$6),4,"")))),"-") -> - | FY13: =IF(FW13<>"",IF(AND(FW13>='TABEL KONVERSI'!$B$3,'ENTRY DATA'!FW13<='TABEL KONVERSI'!$C$3),1,IF(AND(FW13>='TABEL KONVERSI'!$B$4,'ENTRY DATA'!FW13<='TABEL KONVERSI'!$C$4),2,IF(AND(FW13>='TABEL KONVERSI'!$B$5,'ENTRY DATA'!FW13<='TABEL KONVERSI'!$C$5),3,IF(AND(FW13>='TABEL KONVERSI'!$B$6,'ENTRY DATA'!FW13<='TABEL KONVERSI'!$C$6),4,"")))),"-") -> - | FZ13: =IF(FV13<>"",FV13,"-") -> - | GA13: =VLOOKUP(FX13,'TABEL KONVERSI'!$A$3:$D$7,4) -> - | GB13: =IF(FW13<>"",FW13,"-") -> - | GC13: =VLOOKUP(FY13,'TABEL KONVERSI'!$A$3:$D$7,4) -> - | GH13: =IF(GD13<>"",ROUND(GD13,0),"") | GI13: =IF(GE13<>"",ROUND(GE13,0),"") | GJ13: =IF(GH13<>"",IF(AND(GH13>='TABEL KONVERSI'!$B$3,'ENTRY DATA'!GH13<='TABEL KONVERSI'!$C$3),1,IF(AND(GH13>='TABEL KONVERSI'!$B$4,'ENTRY DATA'!GH13<='TABEL KONVERSI'!$C$4),2,IF(AND(GH13>='TABEL KONVERSI'!$B$5,'ENTRY DATA'!GH13<='TABEL KONVERSI'!$C$5),3,IF(AND(GH13>='TABEL KONVERSI'!$B$6,'ENTRY DATA'!GH13<='TABEL KONVERSI'!$C$6),4,"")))),"-") -> - | GK13: =IF(GI13<>"",IF(AND(GI13>='TABEL KONVERSI'!$B$3,'ENTRY DATA'!GI13<='TABEL KONVERSI'!$C$3),1,IF(AND(GI13>='TABEL KONVERSI'!$B$4,'ENTRY DATA'!GI13<='TABEL KONVERSI'!$C$4),2,IF(AND(GI13>='TABEL KONVERSI'!$B$5,'ENTRY DATA'!GI13<='TABEL KONVERSI'!$C$5),3,IF(AND(GI13>='TABEL KONVERSI'!$B$6,'ENTRY DATA'!GI13<='TABEL KONVERSI'!$C$6),4,"")))),"-") -> - | GL13: =IF(GH13<>"",GH13,"-") -> - | GM13: =VLOOKUP(GJ13,'TABEL KONVERSI'!$A$3:$D$7,4) -> - | GN13: =IF(GI13<>"",GI13,"-") -> - | GO13: =VLOOKUP(GK13,'TABEL KONVERSI'!$A$3:$D$7,4) -> - | GP13: =H13 -> 0 | GQ13: =T13 -> 0 | GR13: =AF13 -> 0 | GS13: =AR13 -> 0 | GT13: =BD13 -> 0 | GU13: =BP13 -> 0 | GV13: =CB13 -> 0 | GW13: =CN13 -> 0 | GX13: =CZ13 -> 0 | GY13: =DL13 -> 0 | GZ13: =DX13 -> 0 | HA13: =EJ13 -> 0 | HB13: =EV13 -> 0 | HC13: =FH13 -> 0 | HD13: =FT13 -> 0 | HE13: =GF13 -> 0 | HF13: =COUNTIF($GP13:$HE13,"=A") -> 0 | HG13: =COUNTIF($GP13:$HE13,"=B") -> 0 | HH13: =COUNTIF($GP13:$HE13,"=C") -> 0 | HI13: =COUNTIF($GP13:$HE13,"=D") -> 0 | HJ13: =IF(AND(HF13=0,HG13=0,HH13=0,HI13=0),"-",IF(MAX(HF13:HI13)=HF13,"A",IF(MAX(HF13:HI13)=HG13,"B",IF(MAX(HF13:HI13)=HH13,"C",IF(MAX(HF13:HI13)=HI13,"D","-"))))) -> - | HK13: =VLOOKUP(HJ13,'TABEL KONVERSI'!$B$11:$D$15,2,0) -> - | HL13: =I13 -> 0 | HM13: =U13 -> 0 | HN13: =AG13 -> 0 | HO13: =AS13 -> 0 | HP13: =BE13 -> 0 | HQ13: =BQ13 -> 0 | HR13: =CC13 -> 0 | HS13: =CO13 -> 0 | HT13: =DA13 -> 0 | HU13: =DM13 -> 0 | HV13: =DY13 -> 0 | HW13: =EK13 -> 0 | HX13: =EW13 -> 0 | HY13: =FI13 -> 0 | HZ13: =FU13 -> 0 | IA13: =GG13 -> 0 | IB13: =COUNTIF($HL13:$IA13,"=A") -> 0 | IC13: =COUNTIF($HL13:$IA13,"=B") -> 0 | ID13: =COUNTIF($HL13:$IA13,"=C") -> 0 | IE13: =COUNTIF($HL13:$IA13,"=D") -> 0 | IF13: =IF(AND(IB13=0,IC13=0,ID13=0,IE13=0),"-",IF(MAX(IB13:IE13)=IB13,"A",IF(MAX(IB13:IE13)=IC13,"B",IF(MAX(IB13:IE13)=ID13,"C",IF(MAX(IB13:IE13)=IE13,"D","-"))))) -> - | IG13: =VLOOKUP(IF13,'TABEL KONVERSI'!$B$11:$D$15,3,0) -> - | IH13: Pramuka | II13: B | IJ13: =IF(II13<>"",VLOOKUP(II13,'TABEL KONVERSI'!$A$19:$B$23,2,0),"") -> Aktif dalam mengikuti kegiatan | IK13: - | IL13: - | IM13: =IF(IL13<>"",VLOOKUP(IL13,'TABEL KONVERSI'!$A$19:$B$23,2,0),"") -> - | IN13: - | IO13: - | IP13: =IF(IO13<>"",VLOOKUP(IO13,'TABEL KONVERSI'!$A$19:$B$23,2,0),"") -> - | IQ13: - | IR13: - | IS13: =IF(IR13<>"",VLOOKUP(IR13,'TABEL KONVERSI'!$A$19:$B$23,2,0),"") -> - | IT13: - | IU13: - | IV13: =IF(IU13<>"",VLOOKUP(IU13,'TABEL KONVERSI'!$A$19:$B$23,2,0),"") -> - | IW13: - | IX13: - | IY13: - | IZ13: - | JA13: =SUM(N13,P13,Z13,AB13,AL13,AN13,AX13,AZ13,BJ13,BL13,BV13,BX13,CH13,CJ13,CT13,CV13,DF13,DH13,DR13,DT13,ED13,EF13,EP13,ER13,FB13,FD13,FN13,FP13,FZ13,GB13,GL13,GN13) -> 0 | JB13: =RANK(JA13,$JA$13:$JA$62,0) -> 1
A14: 2 | J14: =IF(F14<>"",ROUND(F14,0),"") | K14: =IF(G14<>"",ROUND(G14,0),"") | L14: =IF(J14<>"",IF(AND(J14>='TABEL KONVERSI'!$B$3,'ENTRY DATA'!J14<='TABEL KONVERSI'!$C$3),1,IF(AND(J14>='TABEL KONVERSI'!$B$4,'ENTRY DATA'!J14<='TABEL KONVERSI'!$C$4),2,IF(AND(J14>='TABEL KONVERSI'!$B$5,'ENTRY DATA'!J14<='TABEL KONVERSI'!$C$5),3,IF(AND(J14>='TABEL KONVERSI'!$B$6,'ENTRY DATA'!J14<='TABEL KONVERSI'!$C$6),4,"")))),"-") -> - | M14: =IF(K14<>"",IF(AND(K14>='TABEL KONVERSI'!$B$3,'ENTRY DATA'!K14<='TABEL KONVERSI'!$C$3),1,IF(AND(K14>='TABEL KONVERSI'!$B$4,'ENTRY DATA'!K14<='TABEL KONVERSI'!$C$4),2,IF(AND(K14>='TABEL KONVERSI'!$B$5,'ENTRY DATA'!K14<='TABEL KONVERSI'!$C$5),3,IF(AND(K14>='TABEL KONVERSI'!$B$6,'ENTRY DATA'!K14<='TABEL KONVERSI'!$C$6),4,"")))),"-") -> - | N14: =IF(J14<>"",J14,"-") -> - | O14: =VLOOKUP(L14,'TABEL KONVERSI'!$A$3:$D$7,4) -> - | P14: =IF(K14<>"",K14,"-") -> - | Q14: =VLOOKUP(M14,'TABEL KONVERSI'!$A$3:$D$7,4) -> - | V14: =IF(R14<>"",ROUND(R14,0),"") | W14: =IF(S14<>"",ROUND(S14,0),"") | X14: =IF(V14<>"",IF(AND(V14>='TABEL KONVERSI'!$B$3,'ENTRY DATA'!V14<='TABEL KONVERSI'!$C$3),1,IF(AND(V14>='TABEL KONVERSI'!$B$4,'ENTRY DATA'!V14<='TABEL KONVERSI'!$C$4),2,IF(AND(V14>='TABEL KONVERSI'!$B$5,'ENTRY DATA'!V14<='TABEL KONVERSI'!$C$5),3,IF(AND(V14>='TABEL KONVERSI'!$B$6,'ENTRY DATA'!V14<='TABEL KONVERSI'!$C$6),4,"")))),"-") -> - | Y14: =IF(W14<>"",IF(AND(W14>='TABEL KONVERSI'!$B$3,'ENTRY DATA'!W14<='TABEL KONVERSI'!$C$3),1,IF(AND(W14>='TABEL KONVERSI'!$B$4,'ENTRY DATA'!W14<='TABEL KONVERSI'!$C$4),2,IF(AND(W14>='TABEL KONVERSI'!$B$5,'ENTRY DATA'!W14<='TABEL KONVERSI'!$C$5),3,IF(AND(W14>='TABEL KONVERSI'!$B$6,'ENTRY DATA'!W14<='TABEL KONVERSI'!$C$6),4,"")))),"-") -> - | Z14: =IF(V14<>"",V14,"-") -> - | AA14: =VLOOKUP(X14,'TABEL KONVERSI'!$A$3:$D$7,4) -> - | AB14: =IF(W14<>"",W14,"-") -> - | AC14: =VLOOKUP(Y14,'TABEL KONVERSI'!$A$3:$D$7,4) -> - | AH14: =IF(AD14<>"",ROUND(AD14,0),"") | AI14: =IF(AE14<>"",ROUND(AE14,0),"") | AJ14: =IF(AH14<>"",IF(AND(AH14>='TABEL KONVERSI'!$B$3,'ENTRY DATA'!AH14<='TABEL KONVERSI'!$C$3),1,IF(AND(AH14>='TABEL KONVERSI'!$B$4,'ENTRY DATA'!AH14<='TABEL KONVERSI'!$C$4),2,IF(AND(AH14>='TABEL KONVERSI'!$B$5,'ENTRY DATA'!AH14<='TABEL KONVERSI'!$C$5),3,IF(AND(AH14>='TABEL KONVERSI'!$B$6,'ENTRY DATA'!AH14<='TABEL KONVERSI'!$C$6),4,"")))),"-") -> - | AK14: =IF(AI14<>"",IF(AND(AI14>='TABEL KONVERSI'!$B$3,'ENTRY DATA'!AI14<='TABEL KONVERSI'!$C$3),1,IF(AND(AI14>='TABEL KONVERSI'!$B$4,'ENTRY DATA'!AI14<='TABEL KONVERSI'!$C$4),2,IF(AND(AI14>='TABEL KONVERSI'!$B$5,'ENTRY DATA'!AI14<='TABEL KONVERSI'!$C$5),3,IF(AND(AI14>='TABEL KONVERSI'!$B$6,'ENTRY DATA'!AI14<='TABEL KONVERSI'!$C$6),4,"")))),"-") -> - | AL14: =IF(AH14<>"",AH14,"-") -> - | AM14: =VLOOKUP(AJ14,'TABEL KONVERSI'!$A$3:$D$7,4) -> - | AN14: =IF(AI14<>"",AI14,"-") -> - | AO14: =VLOOKUP(AK14,'TABEL KONVERSI'!$A$3:$D$7,4) -> - | AT14: =IF(AP14<>"",ROUND(AP14,0),"") | AU14: =IF(AQ14<>"",ROUND(AQ14,0),"") | AV14: =IF(AT14<>"",IF(AND(AT14>='TABEL KONVERSI'!$B$3,'ENTRY DATA'!AT14<='TABEL KONVERSI'!$C$3),1,IF(AND(AT14>='TABEL KONVERSI'!$B$4,'ENTRY DATA'!AT14<='TABEL KONVERSI'!$C$4),2,IF(AND(AT14>='TABEL KONVERSI'!$B$5,'ENTRY DATA'!AT14<='TABEL KONVERSI'!$C$5),3,IF(AND(AT14>='TABEL KONVERSI'!$B$6,'ENTRY DATA'!AT14<='TABEL KONVERSI'!$C$6),4,"")))),"-") -> - | AW14: =IF(AU14<>"",IF(AND(AU14>='TABEL KONVERSI'!$B$3,'ENTRY DATA'!AU14<='TABEL KONVERSI'!$C$3),1,IF(AND(AU14>='TABEL KONVERSI'!$B$4,'ENTRY DATA'!AU14<='TABEL KONVERSI'!$C$4),2,IF(AND(AU14>='TABEL KONVERSI'!$B$5,'ENTRY DATA'!AU14<='TABEL KONVERSI'!$C$5),3,IF(AND(AU14>='TABEL KONVERSI'!$B$6,'ENTRY DATA'!AU14<='TABEL KONVERSI'!$C$6),4,"")))),"-") -> - | AX14: =IF(AT14<>"",AT14,"-") -> - | AY14: =VLOOKUP(AV14,'TABEL KONVERSI'!$A$3:$D$7,4) -> - | AZ14: =IF(AU14<>"",AU14,"-") -> - | BA14: =VLOOKUP(AW14,'TABEL KONVERSI'!$A$3:$D$7,4) -> - | BF14: =IF(BB14<>"",ROUND(BB14,0),"") | BG14: =IF(BC14<>"",ROUND(BC14,0),"") | BH14: =IF(BF14<>"",IF(AND(BF14>='TABEL KONVERSI'!$B$3,'ENTRY DATA'!BF14<='TABEL KONVERSI'!$C$3),1,IF(AND(BF14>='TABEL KONVERSI'!$B$4,'ENTRY DATA'!BF14<='TABEL KONVERSI'!$C$4),2,IF(AND(BF14>='TABEL KONVERSI'!$B$5,'ENTRY DATA'!BF14<='TABEL KONVERSI'!$C$5),3,IF(AND(BF14>='TABEL KONVERSI'!$B$6,'ENTRY DATA'!BF14<='TABEL KONVERSI'!$C$6),4,"")))),"-") -> - | BI14: =IF(BG14<>"",IF(AND(BG14>='TABEL KONVERSI'!$B$3,'ENTRY DATA'!BG14<='TABEL KONVERSI'!$C$3),1,IF(AND(BG14>='TABEL KONVERSI'!$B$4,'ENTRY DATA'!BG14<='TABEL KONVERSI'!$C$4),2,IF(AND(BG14>='TABEL KONVERSI'!$B$5,'ENTRY DATA'!BG14<='TABEL KONVERSI'!$C$5),3,IF(AND(BG14>='TABEL KONVERSI'!$B$6,'ENTRY DATA'!BG14<='TABEL KONVERSI'!$C$6),4,"")))),"-") -> - | BJ14: =IF(BF14<>"",BF14,"-") -> - | BK14: =VLOOKUP(BH14,'TABEL KONVERSI'!$A$3:$D$7,4) -> - | BL14: =IF(BG14<>"",BG14,"-") -> - | BM14: =VLOOKUP(BI14,'TABEL KONVERSI'!$A$3:$D$7,4) -> - | BR14: =IF(BN14<>"",ROUND(BN14,0),"") | BS14: =IF(BO14<>"",ROUND(BO14,0),"") | BT14: =IF(BR14<>"",IF(AND(BR14>='TABEL KONVERSI'!$B$3,'ENTRY DATA'!BR14<='TABEL KONVERSI'!$C$3),1,IF(AND(BR14>='TABEL KONVERSI'!$B$4,'ENTRY DATA'!BR14<='TABEL KONVERSI'!$C$4),2,IF(AND(BR14>='TABEL KONVERSI'!$B$5,'ENTRY DATA'!BR14<='TABEL KONVERSI'!$C$5),3,IF(AND(BR14>='TABEL KONVERSI'!$B$6,'ENTRY DATA'!BR14<='TABEL KONVERSI'!$C$6),4,"")))),"-") -> - | BU14: =IF(BS14<>"",IF(AND(BS14>='TABEL KONVERSI'!$B$3,'ENTRY DATA'!BS14<='TABEL KONVERSI'!$C$3),1,IF(AND(BS14>='TABEL KONVERSI'!$B$4,'ENTRY DATA'!BS14<='TABEL KONVERSI'!$C$4),2,IF(AND(BS14>='TABEL KONVERSI'!$B$5,'ENTRY DATA'!BS14<='TABEL KONVERSI'!$C$5),3,IF(AND(BS14>='TABEL KONVERSI'!$B$6,'ENTRY DATA'!BS14<='TABEL KONVERSI'!$C$6),4,"")))),"-") -> - | BV14: =IF(BR14<>"",BR14,"-") -> - | BW14: =VLOOKUP(BT14,'TABEL KONVERSI'!$A$3:$D$7,4) -> - | BX14: =IF(BS14<>"",BS14,"-") -> - | BY14: =VLOOKUP(BU14,'TABEL KONVERSI'!$A$3:$D$7,4) -> - | CD14: =IF(BZ14<>"",ROUND(BZ14,0),"") | CE14: =IF(CA14<>"",ROUND(CA14,0),"") | CF14: =IF(CD14<>"",IF(AND(CD14>='TABEL KONVERSI'!$B$3,'ENTRY DATA'!CD14<='TABEL KONVERSI'!$C$3),1,IF(AND(CD14>='TABEL KONVERSI'!$B$4,'ENTRY DATA'!CD14<='TABEL KONVERSI'!$C$4),2,IF(AND(CD14>='TABEL KONVERSI'!$B$5,'ENTRY DATA'!CD14<='TABEL KONVERSI'!$C$5),3,IF(AND(CD14>='TABEL KONVERSI'!$B$6,'ENTRY DATA'!CD14<='TABEL KONVERSI'!$C$6),4,"")))),"-") -> - | CG14: =IF(CE14<>"",IF(AND(CE14>='TABEL KONVERSI'!$B$3,'ENTRY DATA'!CE14<='TABEL KONVERSI'!$C$3),1,IF(AND(CE14>='TABEL KONVERSI'!$B$4,'ENTRY DATA'!CE14<='TABEL KONVERSI'!$C$4),2,IF(AND(CE14>='TABEL KONVERSI'!$B$5,'ENTRY DATA'!CE14<='TABEL KONVERSI'!$C$5),3,IF(AND(CE14>='TABEL KONVERSI'!$B$6,'ENTRY DATA'!CE14<='TABEL KONVERSI'!$C$6),4,"")))),"-") -> - | CH14: =IF(CD14<>"",CD14,"-") -> - | CI14: =VLOOKUP(CF14,'TABEL KONVERSI'!$A$3:$D$7,4) -> - | CJ14: =IF(CE14<>"",CE14,"-") -> - | CK14: =VLOOKUP(CG14,'TABEL KONVERSI'!$A$3:$D$7,4) -> - | CP14: =IF(CL14<>"",ROUND(CL14,0),"") | CQ14: =IF(CM14<>"",ROUND(CM14,0),"") | CR14: =IF(CP14<>"",IF(AND(CP14>='TABEL KONVERSI'!$B$3,'ENTRY DATA'!CP14<='TABEL KONVERSI'!$C$3),1,IF(AND(CP14>='TABEL KONVERSI'!$B$4,'ENTRY DATA'!CP14<='TABEL KONVERSI'!$C$4),2,IF(AND(CP14>='TABEL KONVERSI'!$B$5,'ENTRY DATA'!CP14<='TABEL KONVERSI'!$C$5),3,IF(AND(CP14>='TABEL KONVERSI'!$B$6,'ENTRY DATA'!CP14<='TABEL KONVERSI'!$C$6),4,"")))),"-") -> - | CS14: =IF(CQ14<>"",IF(AND(CQ14>='TABEL KONVERSI'!$B$3,'ENTRY DATA'!CQ14<='TABEL KONVERSI'!$C$3),1,IF(AND(CQ14>='TABEL KONVERSI'!$B$4,'ENTRY DATA'!CQ14<='TABEL KONVERSI'!$C$4),2,IF(AND(CQ14>='TABEL KONVERSI'!$B$5,'ENTRY DATA'!CQ14<='TABEL KONVERSI'!$C$5),3,IF(AND(CQ14>='TABEL KONVERSI'!$B$6,'ENTRY DATA'!CQ14<='TABEL KONVERSI'!$C$6),4,"")))),"-") -> - | CT14: =IF(CP14<>"",CP14,"-") -> - | CU14: =VLOOKUP(CR14,'TABEL KONVERSI'!$A$3:$D$7,4) -> - | CV14: =IF(CQ14<>"",CQ14,"-") -> - | CW14: =VLOOKUP(CS14,'TABEL KONVERSI'!$A$3:$D$7,4) -> - | DB14: =IF(CX14<>"",ROUND(CX14,0),"") | DC14: =IF(CY14<>"",ROUND(CY14,0),"") | DD14: =IF(DB14<>"",IF(AND(DB14>='TABEL KONVERSI'!$B$3,'ENTRY DATA'!DB14<='TABEL KONVERSI'!$C$3),1,IF(AND(DB14>='TABEL KONVERSI'!$B$4,'ENTRY DATA'!DB14<='TABEL KONVERSI'!$C$4),2,IF(AND(DB14>='TABEL KONVERSI'!$B$5,'ENTRY DATA'!DB14<='TABEL KONVERSI'!$C$5),3,IF(AND(DB14>='TABEL KONVERSI'!$B$6,'ENTRY DATA'!DB14<='TABEL KONVERSI'!$C$6),4,"")))),"-") -> - | DE14: =IF(DC14<>"",IF(AND(DC14>='TABEL KONVERSI'!$B$3,'ENTRY DATA'!DC14<='TABEL KONVERSI'!$C$3),1,IF(AND(DC14>='TABEL KONVERSI'!$B$4,'ENTRY DATA'!DC14<='TABEL KONVERSI'!$C$4),2,IF(AND(DC14>='TABEL KONVERSI'!$B$5,'ENTRY DATA'!DC14<='TABEL KONVERSI'!$C$5),3,IF(AND(DC14>='TABEL KONVERSI'!$B$6,'ENTRY DATA'!DC14<='TABEL KONVERSI'!$C$6),4,"")))),"-") -> - | DF14: =IF(DB14<>"",DB14,"-") -> - | DG14: =VLOOKUP(DD14,'TABEL KONVERSI'!$A$3:$D$7,4) -> - | DH14: =IF(DC14<>"",DC14,"-") -> - | DI14: =VLOOKUP(DE14,'TABEL KONVERSI'!$A$3:$D$7,4) -> - | DN14: =IF(DJ14<>"",ROUND(DJ14,0),"") | DO14: =IF(DK14<>"",ROUND(DK14,0),"") | DP14: =IF(DN14<>"",IF(AND(DN14>='TABEL KONVERSI'!$B$3,'ENTRY DATA'!DN14<='TABEL KONVERSI'!$C$3),1,IF(AND(DN14>='TABEL KONVERSI'!$B$4,'ENTRY DATA'!DN14<='TABEL KONVERSI'!$C$4),2,IF(AND(DN14>='TABEL KONVERSI'!$B$5,'ENTRY DATA'!DN14<='TABEL KONVERSI'!$C$5),3,IF(AND(DN14>='TABEL KONVERSI'!$B$6,'ENTRY DATA'!DN14<='TABEL KONVERSI'!$C$6),4,"")))),"-") -> - | DQ14: =IF(DO14<>"",IF(AND(DO14>='TABEL KONVERSI'!$B$3,'ENTRY DATA'!DO14<='TABEL KONVERSI'!$C$3),1,IF(AND(DO14>='TABEL KONVERSI'!$B$4,'ENTRY DATA'!DO14<='TABEL KONVERSI'!$C$4),2,IF(AND(DO14>='TABEL KONVERSI'!$B$5,'ENTRY DATA'!DO14<='TABEL KONVERSI'!$C$5),3,IF(AND(DO14>='TABEL KONVERSI'!$B$6,'ENTRY DATA'!DO14<='TABEL KONVERSI'!$C$6),4,"")))),"-") -> - | DR14: =IF(DN14<>"",DN14,"-") -> - | DS14: =VLOOKUP(DP14,'TABEL KONVERSI'!$A$3:$D$7,4) -> - | DT14: =IF(DO14<>"",DO14,"-") -> - | DU14: =VLOOKUP(DQ14,'TABEL KONVERSI'!$A$3:$D$7,4) -> - | DZ14: =IF(DV14<>"",ROUND(DV14,0),"") | EA14: =IF(DW14<>"",ROUND(DW14,0),"") | EB14: =IF(DZ14<>"",IF(AND(DZ14>='TABEL KONVERSI'!$B$3,'ENTRY DATA'!DZ14<='TABEL KONVERSI'!$C$3),1,IF(AND(DZ14>='TABEL KONVERSI'!$B$4,'ENTRY DATA'!DZ14<='TABEL KONVERSI'!$C$4),2,IF(AND(DZ14>='TABEL KONVERSI'!$B$5,'ENTRY DATA'!DZ14<='TABEL KONVERSI'!$C$5),3,IF(AND(DZ14>='TABEL KONVERSI'!$B$6,'ENTRY DATA'!DZ14<='TABEL KONVERSI'!$C$6),4,"")))),"-") -> - | EC14: =IF(EA14<>"",IF(AND(EA14>='TABEL KONVERSI'!$B$3,'ENTRY DATA'!EA14<='TABEL KONVERSI'!$C$3),1,IF(AND(EA14>='TABEL KONVERSI'!$B$4,'ENTRY DATA'!EA14<='TABEL KONVERSI'!$C$4),2,IF(AND(EA14>='TABEL KONVERSI'!$B$5,'ENTRY DATA'!EA14<='TABEL KONVERSI'!$C$5),3,IF(AND(EA14>='TABEL KONVERSI'!$B$6,'ENTRY DATA'!EA14<='TABEL KONVERSI'!$C$6),4,"")))),"-") -> - | ED14: =IF(DZ14<>"",DZ14,"-") -> - | EE14: =VLOOKUP(EB14,'TABEL KONVERSI'!$A$3:$D$7,4) -> - | EF14: =IF(EA14<>"",EA14,"-") -> - | EG14: =VLOOKUP(EC14,'TABEL KONVERSI'!$A$3:$D$7,4) -> - | EL14: =IF(EH14<>"",ROUND(EH14,0),"") | EM14: =IF(EI14<>"",ROUND(EI14,0),"") | EN14: =IF(EL14<>"",IF(AND(EL14>='TABEL KONVERSI'!$B$3,'ENTRY DATA'!EL14<='TABEL KONVERSI'!$C$3),1,IF(AND(EL14>='TABEL KONVERSI'!$B$4,'ENTRY DATA'!EL14<='TABEL KONVERSI'!$C$4),2,IF(AND(EL14>='TABEL KONVERSI'!$B$5,'ENTRY DATA'!EL14<='TABEL KONVERSI'!$C$5),3,IF(AND(EL14>='TABEL KONVERSI'!$B$6,'ENTRY DATA'!EL14<='TABEL KONVERSI'!$C$6),4,"")))),"-") -> - | EO14: =IF(EM14<>"",IF(AND(EM14>='TABEL KONVERSI'!$B$3,'ENTRY DATA'!EM14<='TABEL KONVERSI'!$C$3),1,IF(AND(EM14>='TABEL KONVERSI'!$B$4,'ENTRY DATA'!EM14<='TABEL KONVERSI'!$C$4),2,IF(AND(EM14>='TABEL KONVERSI'!$B$5,'ENTRY DATA'!EM14<='TABEL KONVERSI'!$C$5),3,IF(AND(EM14>='TABEL KONVERSI'!$B$6,'ENTRY DATA'!EM14<='TABEL KONVERSI'!$C$6),4,"")))),"-") -> - | EP14: =IF(EL14<>"",EL14,"-") -> - | EQ14: =VLOOKUP(EN14,'TABEL KONVERSI'!$A$3:$D$7,4) -> - | ER14: =IF(EM14<>"",EM14,"-") -> - | ES14: =VLOOKUP(EO14,'TABEL KONVERSI'!$A$3:$D$7,4) -> - | EX14: =IF(ET14<>"",ROUND(ET14,0),"") | EY14: =IF(EU14<>"",ROUND(EU14,0),"") | EZ14: =IF(EX14<>"",IF(AND(EX14>='TABEL KONVERSI'!$B$3,'ENTRY DATA'!EX14<='TABEL KONVERSI'!$C$3),1,IF(AND(EX14>='TABEL KONVERSI'!$B$4,'ENTRY DATA'!EX14<='TABEL KONVERSI'!$C$4),2,IF(AND(EX14>='TABEL KONVERSI'!$B$5,'ENTRY DATA'!EX14<='TABEL KONVERSI'!$C$5),3,IF(AND(EX14>='TABEL KONVERSI'!$B$6,'ENTRY DATA'!EX14<='TABEL KONVERSI'!$C$6),4,"")))),"-") -> - | FA14: =IF(EY14<>"",IF(AND(EY14>='TABEL KONVERSI'!$B$3,'ENTRY DATA'!EY14<='TABEL KONVERSI'!$C$3),1,IF(AND(EY14>='TABEL KONVERSI'!$B$4,'ENTRY DATA'!EY14<='TABEL KONVERSI'!$C$4),2,IF(AND(EY14>='TABEL KONVERSI'!$B$5,'ENTRY DATA'!EY14<='TABEL KONVERSI'!$C$5),3,IF(AND(EY14>='TABEL KONVERSI'!$B$6,'ENTRY DATA'!EY14<='TABEL KONVERSI'!$C$6),4,"")))),"-") -> - | FB14: =IF(EX14<>"",EX14,"-") -> - | FC14: =VLOOKUP(EZ14,'TABEL KONVERSI'!$A$3:$D$7,4) -> - | FD14: =IF(EY14<>"",EY14,"-") -> - | FE14: =VLOOKUP(FA14,'TABEL KONVERSI'!$A$3:$D$7,4) -> - | FJ14: =IF(FF14<>"",ROUND(FF14,0),"") | FK14: =IF(FG14<>"",ROUND(FG14,0),"") | FL14: =IF(FJ14<>"",IF(AND(FJ14>='TABEL KONVERSI'!$B$3,'ENTRY DATA'!FJ14<='TABEL KONVERSI'!$C$3),1,IF(AND(FJ14>='TABEL KONVERSI'!$B$4,'ENTRY DATA'!FJ14<='TABEL KONVERSI'!$C$4),2,IF(AND(FJ14>='TABEL KONVERSI'!$B$5,'ENTRY DATA'!FJ14<='TABEL KONVERSI'!$C$5),3,IF(AND(FJ14>='TABEL KONVERSI'!$B$6,'ENTRY DATA'!FJ14<='TABEL KONVERSI'!$C$6),4,"")))),"-") -> - | FM14: =IF(FK14<>"",IF(AND(FK14>='TABEL KONVERSI'!$B$3,'ENTRY DATA'!FK14<='TABEL KONVERSI'!$C$3),1,IF(AND(FK14>='TABEL KONVERSI'!$B$4,'ENTRY DATA'!FK14<='TABEL KONVERSI'!$C$4),2,IF(AND(FK14>='TABEL KONVERSI'!$B$5,'ENTRY DATA'!FK14<='TABEL KONVERSI'!$C$5),3,IF(AND(FK14>='TABEL KONVERSI'!$B$6,'ENTRY DATA'!FK14<='TABEL KONVERSI'!$C$6),4,"")))),"-") -> - | FN14: =IF(FJ14<>"",FJ14,"-") -> - | FO14: =VLOOKUP(FL14,'TABEL KONVERSI'!$A$3:$D$7,4) -> - | FP14: =IF(FK14<>"",FK14,"-") -> - | FQ14: =VLOOKUP(FM14,'TABEL KONVERSI'!$A$3:$D$7,4) -> - | FV14: =IF(FR14<>"",ROUND(FR14,0),"") | FW14: =IF(FS14<>"",ROUND(FS14,0),"") | FX14: =IF(FV14<>"",IF(AND(FV14>='TABEL KONVERSI'!$B$3,'ENTRY DATA'!FV14<='TABEL KONVERSI'!$C$3),1,IF(AND(FV14>='TABEL KONVERSI'!$B$4,'ENTRY DATA'!FV14<='TABEL KONVERSI'!$C$4),2,IF(AND(FV14>='TABEL KONVERSI'!$B$5,'ENTRY DATA'!FV14<='TABEL KONVERSI'!$C$5),3,IF(AND(FV14>='TABEL KONVERSI'!$B$6,'ENTRY DATA'!FV14<='TABEL KONVERSI'!$C$6),4,"")))),"-") -> - | FY14: =IF(FW14<>"",IF(AND(FW14>='TABEL KONVERSI'!$B$3,'ENTRY DATA'!FW14<='TABEL KONVERSI'!$C$3),1,IF(AND(FW14>='TABEL KONVERSI'!$B$4,'ENTRY DATA'!FW14<='TABEL KONVERSI'!$C$4),2,IF(AND(FW14>='TABEL KONVERSI'!$B$5,'ENTRY DATA'!FW14<='TABEL KONVERSI'!$C$5),3,IF(AND(FW14>='TABEL KONVERSI'!$B$6,'ENTRY DATA'!FW14<='TABEL KONVERSI'!$C$6),4,"")))),"-") -> - | FZ14: =IF(FV14<>"",FV14,"-") -> - | GA14: =VLOOKUP(FX14,'TABEL KONVERSI'!$A$3:$D$7,4) -> - | GB14: =IF(FW14<>"",FW14,"-") -> - | GC14: =VLOOKUP(FY14,'TABEL KONVERSI'!$A$3:$D$7,4) -> - | GH14: =IF(GD14<>"",ROUND(GD14,0),"") | GI14: =IF(GE14<>"",ROUND(GE14,0),"") | GJ14: =IF(GH14<>"",IF(AND(GH14>='TABEL KONVERSI'!$B$3,'ENTRY DATA'!GH14<='TABEL KONVERSI'!$C$3),1,IF(AND(GH14>='TABEL KONVERSI'!$B$4,'ENTRY DATA'!GH14<='TABEL KONVERSI'!$C$4),2,IF(AND(GH14>='TABEL KONVERSI'!$B$5,'ENTRY DATA'!GH14<='TABEL KONVERSI'!$C$5),3,IF(AND(GH14>='TABEL KONVERSI'!$B$6,'ENTRY DATA'!GH14<='TABEL KONVERSI'!$C$6),4,"")))),"-") -> - | GK14: =IF(GI14<>"",IF(AND(GI14>='TABEL KONVERSI'!$B$3,'ENTRY DATA'!GI14<='TABEL KONVERSI'!$C$3),1,IF(AND(GI14>='TABEL KONVERSI'!$B$4,'ENTRY DATA'!GI14<='TABEL KONVERSI'!$C$4),2,IF(AND(GI14>='TABEL KONVERSI'!$B$5,'ENTRY DATA'!GI14<='TABEL KONVERSI'!$C$5),3,IF(AND(GI14>='TABEL KONVERSI'!$B$6,'ENTRY DATA'!GI14<='TABEL KONVERSI'!$C$6),4,"")))),"-") -> - | GL14: =IF(GH14<>"",GH14,"-") -> - | GM14: =VLOOKUP(GJ14,'TABEL KONVERSI'!$A$3:$D$7,4) -> - | GN14: =IF(GI14<>"",GI14,"-") -> - | GO14: =VLOOKUP(GK14,'TABEL KONVERSI'!$A$3:$D$7,4) -> - | GP14: =H14 -> 0 | GQ14: =T14 -> 0 | GR14: =AF14 -> 0 | GS14: =AR14 -> 0 | GT14: =BD14 -> 0 | GU14: =BP14 -> 0 | GV14: =CB14 -> 0 | GW14: =CN14 -> 0 | GX14: =CZ14 -> 0 | GY14: =DL14 -> 0 | GZ14: =DX14 -> 0 | HA14: =EJ14 -> 0 | HB14: =EV14 -> 0 | HC14: =FH14 -> 0 | HD14: =FT14 -> 0 | HE14: =GF14 -> 0 | HF14: =COUNTIF($GP14:$HE14,"=A") -> 0 | HG14: =COUNTIF($GP14:$HE14,"=B") -> 0 | HH14: =COUNTIF($GP14:$HE14,"=C") -> 0 | HI14: =COUNTIF($GP14:$HE14,"=D") -> 0 | HJ14: =IF(AND(HF14=0,HG14=0,HH14=0,HI14=0),"-",IF(MAX(HF14:HI14)=HF14,"A",IF(MAX(HF14:HI14)=HG14,"B",IF(MAX(HF14:HI14)=HH14,"C",IF(MAX(HF14:HI14)=HI14,"D","-"))))) -> - | HK14: =VLOOKUP(HJ14,'TABEL KONVERSI'!$B$11:$D$15,2,0) -> - | HL14: =I14 -> 0 | HM14: =U14 -> 0 | HN14: =AG14 -> 0 | HO14: =AS14 -> 0 | HP14: =BE14 -> 0 | HQ14: =BQ14 -> 0 | HR14: =CC14 -> 0 | HS14: =CO14 -> 0 | HT14: =DA14 -> 0 | HU14: =DM14 -> 0 | HV14: =DY14 -> 0 | HW14: =EK14 -> 0 | HX14: =EW14 -> 0 | HY14: =FI14 -> 0 | HZ14: =FU14 -> 0 | IA14: =GG14 -> 0 | IB14: =COUNTIF($HL14:$IA14,"=A") -> 0 | IC14: =COUNTIF($HL14:$IA14,"=B") -> 0 | ID14: =COUNTIF($HL14:$IA14,"=C") -> 0 | IE14: =COUNTIF($HL14:$IA14,"=D") -> 0 | IF14: =IF(AND(IB14=0,IC14=0,ID14=0,IE14=0),"-",IF(MAX(IB14:IE14)=IB14,"A",IF(MAX(IB14:IE14)=IC14,"B",IF(MAX(IB14:IE14)=ID14,"C",IF(MAX(IB14:IE14)=IE14,"D","-"))))) -> - | IG14: =VLOOKUP(IF14,'TABEL KONVERSI'!$B$11:$D$15,3,0) -> - | IH14: Pramuka | II14: B | IJ14: =IF(II14<>"",VLOOKUP(II14,'TABEL KONVERSI'!$A$19:$B$23,2,0),"") -> Aktif dalam mengikuti kegiatan | IK14: - | IL14: - | IM14: =IF(IL14<>"",VLOOKUP(IL14,'TABEL KONVERSI'!$A$19:$B$23,2,0),"") -> - | IN14: - | IO14: - | IP14: =IF(IO14<>"",VLOOKUP(IO14,'TABEL KONVERSI'!$A$19:$B$23,2,0),"") -> - | IQ14: - | IR14: - | IS14: =IF(IR14<>"",VLOOKUP(IR14,'TABEL KONVERSI'!$A$19:$B$23,2,0),"") -> - | IT14: - | IU14: - | IV14: =IF(IU14<>"",VLOOKUP(IU14,'TABEL KONVERSI'!$A$19:$B$23,2,0),"") -> - | IW14: - | IX14: - | IY14: - | IZ14: - | JA14: =SUM(N14,P14,Z14,AB14,AL14,AN14,AX14,AZ14,BJ14,BL14,BV14,BX14,CH14,CJ14,CT14,CV14,DF14,DH14,DR14,DT14,ED14,EF14,EP14,ER14,FB14,FD14,FN14,FP14,FZ14,GB14,GL14,GN14) -> 0 | JB14: =RANK(JA14,$JA$13:$JA$62,0) -> 1
A15: 3 | J15: =IF(F15<>"",ROUND(F15,0),"") | K15: =IF(G15<>"",ROUND(G15,0),"") | L15: =IF(J15<>"",IF(AND(J15>='TABEL KONVERSI'!$B$3,'ENTRY DATA'!J15<='TABEL KONVERSI'!$C$3),1,IF(AND(J15>='TABEL KONVERSI'!$B$4,'ENTRY DATA'!J15<='TABEL KONVERSI'!$C$4),2,IF(AND(J15>='TABEL KONVERSI'!$B$5,'ENTRY DATA'!J15<='TABEL KONVERSI'!$C$5),3,IF(AND(J15>='TABEL KONVERSI'!$B$6,'ENTRY DATA'!J15<='TABEL KONVERSI'!$C$6),4,"")))),"-") -> - | M15: =IF(K15<>"",IF(AND(K15>='TABEL KONVERSI'!$B$3,'ENTRY DATA'!K15<='TABEL KONVERSI'!$C$3),1,IF(AND(K15>='TABEL KONVERSI'!$B$4,'ENTRY DATA'!K15<='TABEL KONVERSI'!$C$4),2,IF(AND(K15>='TABEL KONVERSI'!$B$5,'ENTRY DATA'!K15<='TABEL KONVERSI'!$C$5),3,IF(AND(K15>='TABEL KONVERSI'!$B$6,'ENTRY DATA'!K15<='TABEL KONVERSI'!$C$6),4,"")))),"-") -> - | N15: =IF(J15<>"",J15,"-") -> - | O15: =VLOOKUP(L15,'TABEL KONVERSI'!$A$3:$D$7,4) -> - | P15: =IF(K15<>"",K15,"-") -> - | Q15: =VLOOKUP(M15,'TABEL KONVERSI'!$A$3:$D$7,4) -> - | V15: =IF(R15<>"",ROUND(R15,0),"") | W15: =IF(S15<>"",ROUND(S15,0),"") | X15: =IF(V15<>"",IF(AND(V15>='TABEL KONVERSI'!$B$3,'ENTRY DATA'!V15<='TABEL KONVERSI'!$C$3),1,IF(AND(V15>='TABEL KONVERSI'!$B$4,'ENTRY DATA'!V15<='TABEL KONVERSI'!$C$4),2,IF(AND(V15>='TABEL KONVERSI'!$B$5,'ENTRY DATA'!V15<='TABEL KONVERSI'!$C$5),3,IF(AND(V15>='TABEL KONVERSI'!$B$6,'ENTRY DATA'!V15<='TABEL KONVERSI'!$C$6),4,"")))),"-") -> - | Y15: =IF(W15<>"",IF(AND(W15>='TABEL KONVERSI'!$B$3,'ENTRY DATA'!W15<='TABEL KONVERSI'!$C$3),1,IF(AND(W15>='TABEL KONVERSI'!$B$4,'ENTRY DATA'!W15<='TABEL KONVERSI'!$C$4),2,IF(AND(W15>='TABEL KONVERSI'!$B$5,'ENTRY DATA'!W15<='TABEL KONVERSI'!$C$5),3,IF(AND(W15>='TABEL KONVERSI'!$B$6,'ENTRY DATA'!W15<='TABEL KONVERSI'!$C$6),4,"")))),"-") -> - | Z15: =IF(V15<>"",V15,"-") -> - | AA15: =VLOOKUP(X15,'TABEL KONVERSI'!$A$3:$D$7,4) -> - | AB15: =IF(W15<>"",W15,"-") -> - | AC15: =VLOOKUP(Y15,'TABEL KONVERSI'!$A$3:$D$7,4) -> - | AH15: =IF(AD15<>"",ROUND(AD15,0),"") | AI15: =IF(AE15<>"",ROUND(AE15,0),"") | AJ15: =IF(AH15<>"",IF(AND(AH15>='TABEL KONVERSI'!$B$3,'ENTRY DATA'!AH15<='TABEL KONVERSI'!$C$3),1,IF(AND(AH15>='TABEL KONVERSI'!$B$4,'ENTRY DATA'!AH15<='TABEL KONVERSI'!$C$4),2,IF(AND(AH15>='TABEL KONVERSI'!$B$5,'ENTRY DATA'!AH15<='TABEL KONVERSI'!$C$5),3,IF(AND(AH15>='TABEL KONVERSI'!$B$6,'ENTRY DATA'!AH15<='TABEL KONVERSI'!$C$6),4,"")))),"-") -> - | AK15: =IF(AI15<>"",IF(AND(AI15>='TABEL KONVERSI'!$B$3,'ENTRY DATA'!AI15<='TABEL KONVERSI'!$C$3),1,IF(AND(AI15>='TABEL KONVERSI'!$B$4,'ENTRY DATA'!AI15<='TABEL KONVERSI'!$C$4),2,IF(AND(AI15>='TABEL KONVERSI'!$B$5,'ENTRY DATA'!AI15<='TABEL KONVERSI'!$C$5),3,IF(AND(AI15>='TABEL KONVERSI'!$B$6,'ENTRY DATA'!AI15<='TABEL KONVERSI'!$C$6),4,"")))),"-") -> - | AL15: =IF(AH15<>"",AH15,"-") -> - | AM15: =VLOOKUP(AJ15,'TABEL KONVERSI'!$A$3:$D$7,4) -> - | AN15: =IF(AI15<>"",AI15,"-") -> - | AO15: =VLOOKUP(AK15,'TABEL KONVERSI'!$A$3:$D$7,4) -> - | AT15: =IF(AP15<>"",ROUND(AP15,0),"") | AU15: =IF(AQ15<>"",ROUND(AQ15,0),"") | AV15: =IF(AT15<>"",IF(AND(AT15>='TABEL KONVERSI'!$B$3,'ENTRY DATA'!AT15<='TABEL KONVERSI'!$C$3),1,IF(AND(AT15>='TABEL KONVERSI'!$B$4,'ENTRY DATA'!AT15<='TABEL KONVERSI'!$C$4),2,IF(AND(AT15>='TABEL KONVERSI'!$B$5,'ENTRY DATA'!AT15<='TABEL KONVERSI'!$C$5),3,IF(AND(AT15>='TABEL KONVERSI'!$B$6,'ENTRY DATA'!AT15<='TABEL KONVERSI'!$C$6),4,"")))),"-") -> - | AW15: =IF(AU15<>"",IF(AND(AU15>='TABEL KONVERSI'!$B$3,'ENTRY DATA'!AU15<='TABEL KONVERSI'!$C$3),1,IF(AND(AU15>='TABEL KONVERSI'!$B$4,'ENTRY DATA'!AU15<='TABEL KONVERSI'!$C$4),2,IF(AND(AU15>='TABEL KONVERSI'!$B$5,'ENTRY DATA'!AU15<='TABEL KONVERSI'!$C$5),3,IF(AND(AU15>='TABEL KONVERSI'!$B$6,'ENTRY DATA'!AU15<='TABEL KONVERSI'!$C$6),4,"")))),"-") -> - | AX15: =IF(AT15<>"",AT15,"-") -> - | AY15: =VLOOKUP(AV15,'TABEL KONVERSI'!$A$3:$D$7,4) -> - | AZ15: =IF(AU15<>"",AU15,"-") -> - | BA15: =VLOOKUP(AW15,'TABEL KONVERSI'!$A$3:$D$7,4) -> - | BF15: =IF(BB15<>"",ROUND(BB15,0),"") | BG15: =IF(BC15<>"",ROUND(BC15,0),"") | BH15: =IF(BF15<>"",IF(AND(BF15>='TABEL KONVERSI'!$B$3,'ENTRY DATA'!BF15<='TABEL KONVERSI'!$C$3),1,IF(AND(BF15>='TABEL KONVERSI'!$B$4,'ENTRY DATA'!BF15<='TABEL KONVERSI'!$C$4),2,IF(AND(BF15>='TABEL KONVERSI'!$B$5,'ENTRY DATA'!BF15<='TABEL KONVERSI'!$C$5),3,IF(AND(BF15>='TABEL KONVERSI'!$B$6,'ENTRY DATA'!BF15<='TABEL KONVERSI'!$C$6),4,"")))),"-") -> - | BI15: =IF(BG15<>"",IF(AND(BG15>='TABEL KONVERSI'!$B$3,'ENTRY DATA'!BG15<='TABEL KONVERSI'!$C$3),1,IF(AND(BG15>='TABEL KONVERSI'!$B$4,'ENTRY DATA'!BG15<='TABEL KONVERSI'!$C$4),2,IF(AND(BG15>='TABEL KONVERSI'!$B$5,'ENTRY DATA'!BG15<='TABEL KONVERSI'!$C$5),3,IF(AND(BG15>='TABEL KONVERSI'!$B$6,'ENTRY DATA'!BG15<='TABEL KONVERSI'!$C$6),4,"")))),"-") -> - | BJ15: =IF(BF15<>"",BF15,"-") -> - | BK15: =VLOOKUP(BH15,'TABEL KONVERSI'!$A$3:$D$7,4) -> - | BL15: =IF(BG15<>"",BG15,"-") -> - | BM15: =VLOOKUP(BI15,'TABEL KONVERSI'!$A$3:$D$7,4) -> - | BR15: =IF(BN15<>"",ROUND(BN15,0),"") | BS15: =IF(BO15<>"",ROUND(BO15,0),"") | BT15: =IF(BR15<>"",IF(AND(BR15>='TABEL KONVERSI'!$B$3,'ENTRY DATA'!BR15<='TABEL KONVERSI'!$C$3),1,IF(AND(BR15>='TABEL KONVERSI'!$B$4,'ENTRY DATA'!BR15<='TABEL KONVERSI'!$C$4),2,IF(AND(BR15>='TABEL KONVERSI'!$B$5,'ENTRY DATA'!BR15<='TABEL KONVERSI'!$C$5),3,IF(AND(BR15>='TABEL KONVERSI'!$B$6,'ENTRY DATA'!BR15<='TABEL KONVERSI'!$C$6),4,"")))),"-") -> - | BU15: =IF(BS15<>"",IF(AND(BS15>='TABEL KONVERSI'!$B$3,'ENTRY DATA'!BS15<='TABEL KONVERSI'!$C$3),1,IF(AND(BS15>='TABEL KONVERSI'!$B$4,'ENTRY DATA'!BS15<='TABEL KONVERSI'!$C$4),2,IF(AND(BS15>='TABEL KONVERSI'!$B$5,'ENTRY DATA'!BS15<='TABEL KONVERSI'!$C$5),3,IF(AND(BS15>='TABEL KONVERSI'!$B$6,'ENTRY DATA'!BS15<='TABEL KONVERSI'!$C$6),4,"")))),"-") -> - | BV15: =IF(BR15<>"",BR15,"-") -> - | BW15: =VLOOKUP(BT15,'TABEL KONVERSI'!$A$3:$D$7,4) -> - | BX15: =IF(BS15<>"",BS15,"-") -> - | BY15: =VLOOKUP(BU15,'TABEL KONVERSI'!$A$3:$D$7,4) -> - | CD15: =IF(BZ15<>"",ROUND(BZ15,0),"") | CE15: =IF(CA15<>"",ROUND(CA15,0),"") | CF15: =IF(CD15<>"",IF(AND(CD15>='TABEL KONVERSI'!$B$3,'ENTRY DATA'!CD15<='TABEL KONVERSI'!$C$3),1,IF(AND(CD15>='TABEL KONVERSI'!$B$4,'ENTRY DATA'!CD15<='TABEL KONVERSI'!$C$4),2,IF(AND(CD15>='TABEL KONVERSI'!$B$5,'ENTRY DATA'!CD15<='TABEL KONVERSI'!$C$5),3,IF(AND(CD15>='TABEL KONVERSI'!$B$6,'ENTRY DATA'!CD15<='TABEL KONVERSI'!$C$6),4,"")))),"-") -> - | CG15: =IF(CE15<>"",IF(AND(CE15>='TABEL KONVERSI'!$B$3,'ENTRY DATA'!CE15<='TABEL KONVERSI'!$C$3),1,IF(AND(CE15>='TABEL KONVERSI'!$B$4,'ENTRY DATA'!CE15<='TABEL KONVERSI'!$C$4),2,IF(AND(CE15>='TABEL KONVERSI'!$B$5,'ENTRY DATA'!CE15<='TABEL KONVERSI'!$C$5),3,IF(AND(CE15>='TABEL KONVERSI'!$B$6,'ENTRY DATA'!CE15<='TABEL KONVERSI'!$C$6),4,"")))),"-") -> - | CH15: =IF(CD15<>"",CD15,"-") -> - | CI15: =VLOOKUP(CF15,'TABEL KONVERSI'!$A$3:$D$7,4) -> - | CJ15: =IF(CE15<>"",CE15,"-") -> - | CK15: =VLOOKUP(CG15,'TABEL KONVERSI'!$A$3:$D$7,4) -> - | CP15: =IF(CL15<>"",ROUND(CL15,0),"") | CQ15: =IF(CM15<>"",ROUND(CM15,0),"") | CR15: =IF(CP15<>"",IF(AND(CP15>='TABEL KONVERSI'!$B$3,'ENTRY DATA'!CP15<='TABEL KONVERSI'!$C$3),1,IF(AND(CP15>='TABEL KONVERSI'!$B$4,'ENTRY DATA'!CP15<='TABEL KONVERSI'!$C$4),2,IF(AND(CP15>='TABEL KONVERSI'!$B$5,'ENTRY DATA'!CP15<='TABEL KONVERSI'!$C$5),3,IF(AND(CP15>='TABEL KONVERSI'!$B$6,'ENTRY DATA'!CP15<='TABEL KONVERSI'!$C$6),4,"")))),"-") -> - | CS15: =IF(CQ15<>"",IF(AND(CQ15>='TABEL KONVERSI'!$B$3,'ENTRY DATA'!CQ15<='TABEL KONVERSI'!$C$3),1,IF(AND(CQ15>='TABEL KONVERSI'!$B$4,'ENTRY DATA'!CQ15<='TABEL KONVERSI'!$C$4),2,IF(AND(CQ15>='TABEL KONVERSI'!$B$5,'ENTRY DATA'!CQ15<='TABEL KONVERSI'!$C$5),3,IF(AND(CQ15>='TABEL KONVERSI'!$B$6,'ENTRY DATA'!CQ15<='TABEL KONVERSI'!$C$6),4,"")))),"-") -> - | CT15: =IF(CP15<>"",CP15,"-") -> - | CU15: =VLOOKUP(CR15,'TABEL KONVERSI'!$A$3:$D$7,4) -> - | CV15: =IF(CQ15<>"",CQ15,"-") -> - | CW15: =VLOOKUP(CS15,'TABEL KONVERSI'!$A$3:$D$7,4) -> - | DB15: =IF(CX15<>"",ROUND(CX15,0),"") | DC15: =IF(CY15<>"",ROUND(CY15,0),"") | DD15: =IF(DB15<>"",IF(AND(DB15>='TABEL KONVERSI'!$B$3,'ENTRY DATA'!DB15<='TABEL KONVERSI'!$C$3),1,IF(AND(DB15>='TABEL KONVERSI'!$B$4,'ENTRY DATA'!DB15<='TABEL KONVERSI'!$C$4),2,IF(AND(DB15>='TABEL KONVERSI'!$B$5,'ENTRY DATA'!DB15<='TABEL KONVERSI'!$C$5),3,IF(AND(DB15>='TABEL KONVERSI'!$B$6,'ENTRY DATA'!DB15<='TABEL KONVERSI'!$C$6),4,"")))),"-") -> - | DE15: =IF(DC15<>"",IF(AND(DC15>='TABEL KONVERSI'!$B$3,'ENTRY DATA'!DC15<='TABEL KONVERSI'!$C$3),1,IF(AND(DC15>='TABEL KONVERSI'!$B$4,'ENTRY DATA'!DC15<='TABEL KONVERSI'!$C$4),2,IF(AND(DC15>='TABEL KONVERSI'!$B$5,'ENTRY DATA'!DC15<='TABEL KONVERSI'!$C$5),3,IF(AND(DC15>='TABEL KONVERSI'!$B$6,'ENTRY DATA'!DC15<='TABEL KONVERSI'!$C$6),4,"")))),"-") -> - | DF15: =IF(DB15<>"",DB15,"-") -> - | DG15: =VLOOKUP(DD15,'TABEL KONVERSI'!$A$3:$D$7,4) -> - | DH15: =IF(DC15<>"",DC15,"-") -> - | DI15: =VLOOKUP(DE15,'TABEL KONVERSI'!$A$3:$D$7,4) -> - | DN15: =IF(DJ15<>"",ROUND(DJ15,0),"") | DO15: =IF(DK15<>"",ROUND(DK15,0),"") | DP15: =IF(DN15<>"",IF(AND(DN15>='TABEL KONVERSI'!$B$3,'ENTRY DATA'!DN15<='TABEL KONVERSI'!$C$3),1,IF(AND(DN15>='TABEL KONVERSI'!$B$4,'ENTRY DATA'!DN15<='TABEL KONVERSI'!$C$4),2,IF(AND(DN15>='TABEL KONVERSI'!$B$5,'ENTRY DATA'!DN15<='TABEL KONVERSI'!$C$5),3,IF(AND(DN15>='TABEL KONVERSI'!$B$6,'ENTRY DATA'!DN15<='TABEL KONVERSI'!$C$6),4,"")))),"-") -> - | DQ15: =IF(DO15<>"",IF(AND(DO15>='TABEL KONVERSI'!$B$3,'ENTRY DATA'!DO15<='TABEL KONVERSI'!$C$3),1,IF(AND(DO15>='TABEL KONVERSI'!$B$4,'ENTRY DATA'!DO15<='TABEL KONVERSI'!$C$4),2,IF(AND(DO15>='TABEL KONVERSI'!$B$5,'ENTRY DATA'!DO15<='TABEL KONVERSI'!$C$5),3,IF(AND(DO15>='TABEL KONVERSI'!$B$6,'ENTRY DATA'!DO15<='TABEL KONVERSI'!$C$6),4,"")))),"-") -> - | DR15: =IF(DN15<>"",DN15,"-") -> - | DS15: =VLOOKUP(DP15,'TABEL KONVERSI'!$A$3:$D$7,4) -> - | DT15: =IF(DO15<>"",DO15,"-") -> - | DU15: =VLOOKUP(DQ15,'TABEL KONVERSI'!$A$3:$D$7,4) -> - | DZ15: =IF(DV15<>"",ROUND(DV15,0),"") | EA15: =IF(DW15<>"",ROUND(DW15,0),"") | EB15: =IF(DZ15<>"",IF(AND(DZ15>='TABEL KONVERSI'!$B$3,'ENTRY DATA'!DZ15<='TABEL KONVERSI'!$C$3),1,IF(AND(DZ15>='TABEL KONVERSI'!$B$4,'ENTRY DATA'!DZ15<='TABEL KONVERSI'!$C$4),2,IF(AND(DZ15>='TABEL KONVERSI'!$B$5,'ENTRY DATA'!DZ15<='TABEL KONVERSI'!$C$5),3,IF(AND(DZ15>='TABEL KONVERSI'!$B$6,'ENTRY DATA'!DZ15<='TABEL KONVERSI'!$C$6),4,"")))),"-") -> - | EC15: =IF(EA15<>"",IF(AND(EA15>='TABEL KONVERSI'!$B$3,'ENTRY DATA'!EA15<='TABEL KONVERSI'!$C$3),1,IF(AND(EA15>='TABEL KONVERSI'!$B$4,'ENTRY DATA'!EA15<='TABEL KONVERSI'!$C$4),2,IF(AND(EA15>='TABEL KONVERSI'!$B$5,'ENTRY DATA'!EA15<='TABEL KONVERSI'!$C$5),3,IF(AND(EA15>='TABEL KONVERSI'!$B$6,'ENTRY DATA'!EA15<='TABEL KONVERSI'!$C$6),4,"")))),"-") -> - | ED15: =IF(DZ15<>"",DZ15,"-") -> - | EE15: =VLOOKUP(EB15,'TABEL KONVERSI'!$A$3:$D$7,4) -> - | EF15: =IF(EA15<>"",EA15,"-") -> - | EG15: =VLOOKUP(EC15,'TABEL KONVERSI'!$A$3:$D$7,4) -> - | EL15: =IF(EH15<>"",ROUND(EH15,0),"") | EM15: =IF(EI15<>"",ROUND(EI15,0),"") | EN15: =IF(EL15<>"",IF(AND(EL15>='TABEL KONVERSI'!$B$3,'ENTRY DATA'!EL15<='TABEL KONVERSI'!$C$3),1,IF(AND(EL15>='TABEL KONVERSI'!$B$4,'ENTRY DATA'!EL15<='TABEL KONVERSI'!$C$4),2,IF(AND(EL15>='TABEL KONVERSI'!$B$5,'ENTRY DATA'!EL15<='TABEL KONVERSI'!$C$5),3,IF(AND(EL15>='TABEL KONVERSI'!$B$6,'ENTRY DATA'!EL15<='TABEL KONVERSI'!$C$6),4,"")))),"-") -> - | EO15: =IF(EM15<>"",IF(AND(EM15>='TABEL KONVERSI'!$B$3,'ENTRY DATA'!EM15<='TABEL KONVERSI'!$C$3),1,IF(AND(EM15>='TABEL KONVERSI'!$B$4,'ENTRY DATA'!EM15<='TABEL KONVERSI'!$C$4),2,IF(AND(EM15>='TABEL KONVERSI'!$B$5,'ENTRY DATA'!EM15<='TABEL KONVERSI'!$C$5),3,IF(AND(EM15>='TABEL KONVERSI'!$B$6,'ENTRY DATA'!EM15<='TABEL KONVERSI'!$C$6),4,"")))),"-") -> - | EP15: =IF(EL15<>"",EL15,"-") -> - | EQ15: =VLOOKUP(EN15,'TABEL KONVERSI'!$A$3:$D$7,4) -> - | ER15: =IF(EM15<>"",EM15,"-") -> - | ES15: =VLOOKUP(EO15,'TABEL KONVERSI'!$A$3:$D$7,4) -> - | EX15: =IF(ET15<>"",ROUND(ET15,0),"") | EY15: =IF(EU15<>"",ROUND(EU15,0),"") | EZ15: =IF(EX15<>"",IF(AND(EX15>='TABEL KONVERSI'!$B$3,'ENTRY DATA'!EX15<='TABEL KONVERSI'!$C$3),1,IF(AND(EX15>='TABEL KONVERSI'!$B$4,'ENTRY DATA'!EX15<='TABEL KONVERSI'!$C$4),2,IF(AND(EX15>='TABEL KONVERSI'!$B$5,'ENTRY DATA'!EX15<='TABEL KONVERSI'!$C$5),3,IF(AND(EX15>='TABEL KONVERSI'!$B$6,'ENTRY DATA'!EX15<='TABEL KONVERSI'!$C$6),4,"")))),"-") -> - | FA15: =IF(EY15<>"",IF(AND(EY15>='TABEL KONVERSI'!$B$3,'ENTRY DATA'!EY15<='TABEL KONVERSI'!$C$3),1,IF(AND(EY15>='TABEL KONVERSI'!$B$4,'ENTRY DATA'!EY15<='TABEL KONVERSI'!$C$4),2,IF(AND(EY15>='TABEL KONVERSI'!$B$5,'ENTRY DATA'!EY15<='TABEL KONVERSI'!$C$5),3,IF(AND(EY15>='TABEL KONVERSI'!$B$6,'ENTRY DATA'!EY15<='TABEL KONVERSI'!$C$6),4,"")))),"-") -> - | FB15: =IF(EX15<>"",EX15,"-") -> - | FC15: =VLOOKUP(EZ15,'TABEL KONVERSI'!$A$3:$D$7,4) -> - | FD15: =IF(EY15<>"",EY15,"-") -> - | FE15: =VLOOKUP(FA15,'TABEL KONVERSI'!$A$3:$D$7,4) -> - | FJ15: =IF(FF15<>"",ROUND(FF15,0),"") | FK15: =IF(FG15<>"",ROUND(FG15,0),"") | FL15: =IF(FJ15<>"",IF(AND(FJ15>='TABEL KONVERSI'!$B$3,'ENTRY DATA'!FJ15<='TABEL KONVERSI'!$C$3),1,IF(AND(FJ15>='TABEL KONVERSI'!$B$4,'ENTRY DATA'!FJ15<='TABEL KONVERSI'!$C$4),2,IF(AND(FJ15>='TABEL KONVERSI'!$B$5,'ENTRY DATA'!FJ15<='TABEL KONVERSI'!$C$5),3,IF(AND(FJ15>='TABEL KONVERSI'!$B$6,'ENTRY DATA'!FJ15<='TABEL KONVERSI'!$C$6),4,"")))),"-") -> - | FM15: =IF(FK15<>"",IF(AND(FK15>='TABEL KONVERSI'!$B$3,'ENTRY DATA'!FK15<='TABEL KONVERSI'!$C$3),1,IF(AND(FK15>='TABEL KONVERSI'!$B$4,'ENTRY DATA'!FK15<='TABEL KONVERSI'!$C$4),2,IF(AND(FK15>='TABEL KONVERSI'!$B$5,'ENTRY DATA'!FK15<='TABEL KONVERSI'!$C$5),3,IF(AND(FK15>='TABEL KONVERSI'!$B$6,'ENTRY DATA'!FK15<='TABEL KONVERSI'!$C$6),4,"")))),"-") -> - | FN15: =IF(FJ15<>"",FJ15,"-") -> - | FO15: =VLOOKUP(FL15,'TABEL KONVERSI'!$A$3:$D$7,4) -> - | FP15: =IF(FK15<>"",FK15,"-") -> - | FQ15: =VLOOKUP(FM15,'TABEL KONVERSI'!$A$3:$D$7,4) -> - | FV15: =IF(FR15<>"",ROUND(FR15,0),"") | FW15: =IF(FS15<>"",ROUND(FS15,0),"") | FX15: =IF(FV15<>"",IF(AND(FV15>='TABEL KONVERSI'!$B$3,'ENTRY DATA'!FV15<='TABEL KONVERSI'!$C$3),1,IF(AND(FV15>='TABEL KONVERSI'!$B$4,'ENTRY DATA'!FV15<='TABEL KONVERSI'!$C$4),2,IF(AND(FV15>='TABEL KONVERSI'!$B$5,'ENTRY DATA'!FV15<='TABEL KONVERSI'!$C$5),3,IF(AND(FV15>='TABEL KONVERSI'!$B$6,'ENTRY DATA'!FV15<='TABEL KONVERSI'!$C$6),4,"")))),"-") -> - | FY15: =IF(FW15<>"",IF(AND(FW15>='TABEL KONVERSI'!$B$3,'ENTRY DATA'!FW15<='TABEL KONVERSI'!$C$3),1,IF(AND(FW15>='TABEL KONVERSI'!$B$4,'ENTRY DATA'!FW15<='TABEL KONVERSI'!$C$4),2,IF(AND(FW15>='TABEL KONVERSI'!$B$5,'ENTRY DATA'!FW15<='TABEL KONVERSI'!$C$5),3,IF(AND(FW15>='TABEL KONVERSI'!$B$6,'ENTRY DATA'!FW15<='TABEL KONVERSI'!$C$6),4,"")))),"-") -> - | FZ15: =IF(FV15<>"",FV15,"-") -> - | GA15: =VLOOKUP(FX15,'TABEL KONVERSI'!$A$3:$D$7,4) -> - | GB15: =IF(FW15<>"",FW15,"-") -> - | GC15: =VLOOKUP(FY15,'TABEL KONVERSI'!$A$3:$D$7,4) -> - | GH15: =IF(GD15<>"",ROUND(GD15,0),"") | GI15: =IF(GE15<>"",ROUND(GE15,0),"") | GJ15: =IF(GH15<>"",IF(AND(GH15>='TABEL KONVERSI'!$B$3,'ENTRY DATA'!GH15<='TABEL KONVERSI'!$C$3),1,IF(AND(GH15>='TABEL KONVERSI'!$B$4,'ENTRY DATA'!GH15<='TABEL KONVERSI'!$C$4),2,IF(AND(GH15>='TABEL KONVERSI'!$B$5,'ENTRY DATA'!GH15<='TABEL KONVERSI'!$C$5),3,IF(AND(GH15>='TABEL KONVERSI'!$B$6,'ENTRY DATA'!GH15<='TABEL KONVERSI'!$C$6),4,"")))),"-") -> - | GK15: =IF(GI15<>"",IF(AND(GI15>='TABEL KONVERSI'!$B$3,'ENTRY DATA'!GI15<='TABEL KONVERSI'!$C$3),1,IF(AND(GI15>='TABEL KONVERSI'!$B$4,'ENTRY DATA'!GI15<='TABEL KONVERSI'!$C$4),2,IF(AND(GI15>='TABEL KONVERSI'!$B$5,'ENTRY DATA'!GI15<='TABEL KONVERSI'!$C$5),3,IF(AND(GI15>='TABEL KONVERSI'!$B$6,'ENTRY DATA'!GI15<='TABEL KONVERSI'!$C$6),4,"")))),"-") -> - | GL15: =IF(GH15<>"",GH15,"-") -> - | GM15: =VLOOKUP(GJ15,'TABEL KONVERSI'!$A$3:$D$7,4) -> - | GN15: =IF(GI15<>"",GI15,"-") -> - | GO15: =VLOOKUP(GK15,'TABEL KONVERSI'!$A$3:$D$7,4) -> - | GP15: =H15 -> 0 | GQ15: =T15 -> 0 | GR15: =AF15 -> 0 | GS15: =AR15 -> 0 | GT15: =BD15 -> 0 | GU15: =BP15 -> 0 | GV15: =CB15 -> 0 | GW15: =CN15 -> 0 | GX15: =CZ15 -> 0 | GY15: =DL15 -> 0 | GZ15: =DX15 -> 0 | HA15: =EJ15 -> 0 | HB15: =EV15 -> 0 | HC15: =FH15 -> 0 | HD15: =FT15 -> 0 | HE15: =GF15 -> 0 | HF15: =COUNTIF($GP15:$HE15,"=A") -> 0 | HG15: =COUNTIF($GP15:$HE15,"=B") -> 0 | HH15: =COUNTIF($GP15:$HE15,"=C") -> 0 | HI15: =COUNTIF($GP15:$HE15,"=D") -> 0 | HJ15: =IF(AND(HF15=0,HG15=0,HH15=0,HI15=0),"-",IF(MAX(HF15:HI15)=HF15,"A",IF(MAX(HF15:HI15)=HG15,"B",IF(MAX(HF15:HI15)=HH15,"C",IF(MAX(HF15:HI15)=HI15,"D","-"))))) -> - | HK15: =VLOOKUP(HJ15,'TABEL KONVERSI'!$B$11:$D$15,2,0) -> - | HL15: =I15 -> 0 | HM15: =U15 -> 0 | HN15: =AG15 -> 0 | HO15: =AS15 -> 0 | HP15: =BE15 -> 0 | HQ15: =BQ15 -> 0 | HR15: =CC15 -> 0 | HS15: =CO15 -> 0 | HT15: =DA15 -> 0 | HU15: =DM15 -> 0 | HV15: =DY15 -> 0 | HW15: =EK15 -> 0 | HX15: =EW15 -> 0 | HY15: =FI15 -> 0 | HZ15: =FU15 -> 0 | IA15: =GG15 -> 0 | IB15: =COUNTIF($HL15:$IA15,"=A") -> 0 | IC15: =COUNTIF($HL15:$IA15,"=B") -> 0 | ID15: =COUNTIF($HL15:$IA15,"=C") -> 0 | IE15: =COUNTIF($HL15:$IA15,"=D") -> 0 | IF15: =IF(AND(IB15=0,IC15=0,ID15=0,IE15=0),"-",IF(MAX(IB15:IE15)=IB15,"A",IF(MAX(IB15:IE15)=IC15,"B",IF(MAX(IB15:IE15)=ID15,"C",IF(MAX(IB15:IE15)=IE15,"D","-"))))) -> - | IG15: =VLOOKUP(IF15,'TABEL KONVERSI'!$B$11:$D$15,3,0) -> - | IH15: Pramuka | II15: B | IJ15: =IF(II15<>"",VLOOKUP(II15,'TABEL KONVERSI'!$A$19:$B$23,2,0),"") -> Aktif dalam mengikuti kegiatan | IK15: - | IL15: - | IM15: =IF(IL15<>"",VLOOKUP(IL15,'TABEL KONVERSI'!$A$19:$B$23,2,0),"") -> - | IN15: - | IO15: - | IP15: =IF(IO15<>"",VLOOKUP(IO15,'TABEL KONVERSI'!$A$19:$B$23,2,0),"") -> - | IQ15: - | IR15: - | IS15: =IF(IR15<>"",VLOOKUP(IR15,'TABEL KONVERSI'!$A$19:$B$23,2,0),"") -> - | IT15: - | IU15: - | IV15: =IF(IU15<>"",VLOOKUP(IU15,'TABEL KONVERSI'!$A$19:$B$23,2,0),"") -> - | IW15: - | IX15: - | IY15: - | IZ15: - | JA15: =SUM(N15,P15,Z15,AB15,AL15,AN15,AX15,AZ15,BJ15,BL15,BV15,BX15,CH15,CJ15,CT15,CV15,DF15,DH15,DR15,DT15,ED15,EF15,EP15,ER15,FB15,FD15,FN15,FP15,FZ15,GB15,GL15,GN15) -> 0 | JB15: =RANK(JA15,$JA$13:$JA$62,0) -> 1
A16: 4 | J16: =IF(F16<>"",ROUND(F16,0),"") | K16: =IF(G16<>"",ROUND(G16,0),"") | L16: =IF(J16<>"",IF(AND(J16>='TABEL KONVERSI'!$B$3,'ENTRY DATA'!J16<='TABEL KONVERSI'!$C$3),1,IF(AND(J16>='TABEL KONVERSI'!$B$4,'ENTRY DATA'!J16<='TABEL KONVERSI'!$C$4),2,IF(AND(J16>='TABEL KONVERSI'!$B$5,'ENTRY DATA'!J16<='TABEL KONVERSI'!$C$5),3,IF(AND(J16>='TABEL KONVERSI'!$B$6,'ENTRY DATA'!J16<='TABEL KONVERSI'!$C$6),4,"")))),"-") -> - | M16: =IF(K16<>"",IF(AND(K16>='TABEL KONVERSI'!$B$3,'ENTRY DATA'!K16<='TABEL KONVERSI'!$C$3),1,IF(AND(K16>='TABEL KONVERSI'!$B$4,'ENTRY DATA'!K16<='TABEL KONVERSI'!$C$4),2,IF(AND(K16>='TABEL KONVERSI'!$B$5,'ENTRY DATA'!K16<='TABEL KONVERSI'!$C$5),3,IF(AND(K16>='TABEL KONVERSI'!$B$6,'ENTRY DATA'!K16<='TABEL KONVERSI'!$C$6),4,"")))),"-") -> - | N16: =IF(J16<>"",J16,"-") -> - | O16: =VLOOKUP(L16,'TABEL KONVERSI'!$A$3:$D$7,4) -> - | P16: =IF(K16<>"",K16,"-") -> - | Q16: =VLOOKUP(M16,'TABEL KONVERSI'!$A$3:$D$7,4) -> - | V16: =IF(R16<>"",ROUND(R16,0),"") | W16: =IF(S16<>"",ROUND(S16,0),"") | X16: =IF(V16<>"",IF(AND(V16>='TABEL KONVERSI'!$B$3,'ENTRY DATA'!V16<='TABEL KONVERSI'!$C$3),1,IF(AND(V16>='TABEL KONVERSI'!$B$4,'ENTRY DATA'!V16<='TABEL KONVERSI'!$C$4),2,IF(AND(V16>='TABEL KONVERSI'!$B$5,'ENTRY DATA'!V16<='TABEL KONVERSI'!$C$5),3,IF(AND(V16>='TABEL KONVERSI'!$B$6,'ENTRY DATA'!V16<='TABEL KONVERSI'!$C$6),4,"")))),"-") -> - | Y16: =IF(W16<>"",IF(AND(W16>='TABEL KONVERSI'!$B$3,'ENTRY DATA'!W16<='TABEL KONVERSI'!$C$3),1,IF(AND(W16>='TABEL KONVERSI'!$B$4,'ENTRY DATA'!W16<='TABEL KONVERSI'!$C$4),2,IF(AND(W16>='TABEL KONVERSI'!$B$5,'ENTRY DATA'!W16<='TABEL KONVERSI'!$C$5),3,IF(AND(W16>='TABEL KONVERSI'!$B$6,'ENTRY DATA'!W16<='TABEL KONVERSI'!$C$6),4,"")))),"-") -> - | Z16: =IF(V16<>"",V16,"-") -> - | AA16: =VLOOKUP(X16,'TABEL KONVERSI'!$A$3:$D$7,4) -> - | AB16: =IF(W16<>"",W16,"-") -> - | AC16: =VLOOKUP(Y16,'TABEL KONVERSI'!$A$3:$D$7,4) -> - | AH16: =IF(AD16<>"",ROUND(AD16,0),"") | AI16: =IF(AE16<>"",ROUND(AE16,0),"") | AJ16: =IF(AH16<>"",IF(AND(AH16>='TABEL KONVERSI'!$B$3,'ENTRY DATA'!AH16<='TABEL KONVERSI'!$C$3),1,IF(AND(AH16>='TABEL KONVERSI'!$B$4,'ENTRY DATA'!AH16<='TABEL KONVERSI'!$C$4),2,IF(AND(AH16>='TABEL KONVERSI'!$B$5,'ENTRY DATA'!AH16<='TABEL KONVERSI'!$C$5),3,IF(AND(AH16>='TABEL KONVERSI'!$B$6,'ENTRY DATA'!AH16<='TABEL KONVERSI'!$C$6),4,"")))),"-") -> - | AK16: =IF(AI16<>"",IF(AND(AI16>='TABEL KONVERSI'!$B$3,'ENTRY DATA'!AI16<='TABEL KONVERSI'!$C$3),1,IF(AND(AI16>='TABEL KONVERSI'!$B$4,'ENTRY DATA'!AI16<='TABEL KONVERSI'!$C$4),2,IF(AND(AI16>='TABEL KONVERSI'!$B$5,'ENTRY DATA'!AI16<='TABEL KONVERSI'!$C$5),3,IF(AND(AI16>='TABEL KONVERSI'!$B$6,'ENTRY DATA'!AI16<='TABEL KONVERSI'!$C$6),4,"")))),"-") -> - | AL16: =IF(AH16<>"",AH16,"-") -> - | AM16: =VLOOKUP(AJ16,'TABEL KONVERSI'!$A$3:$D$7,4) -> - | AN16: =IF(AI16<>"",AI16,"-") -> - | AO16: =VLOOKUP(AK16,'TABEL KONVERSI'!$A$3:$D$7,4) -> - | AT16: =IF(AP16<>"",ROUND(AP16,0),"") | AU16: =IF(AQ16<>"",ROUND(AQ16,0),"") | AV16: =IF(AT16<>"",IF(AND(AT16>='TABEL KONVERSI'!$B$3,'ENTRY DATA'!AT16<='TABEL KONVERSI'!$C$3),1,IF(AND(AT16>='TABEL KONVERSI'!$B$4,'ENTRY DATA'!AT16<='TABEL KONVERSI'!$C$4),2,IF(AND(AT16>='TABEL KONVERSI'!$B$5,'ENTRY DATA'!AT16<='TABEL KONVERSI'!$C$5),3,IF(AND(AT16>='TABEL KONVERSI'!$B$6,'ENTRY DATA'!AT16<='TABEL KONVERSI'!$C$6),4,"")))),"-") -> - | AW16: =IF(AU16<>"",IF(AND(AU16>='TABEL KONVERSI'!$B$3,'ENTRY DATA'!AU16<='TABEL KONVERSI'!$C$3),1,IF(AND(AU16>='TABEL KONVERSI'!$B$4,'ENTRY DATA'!AU16<='TABEL KONVERSI'!$C$4),2,IF(AND(AU16>='TABEL KONVERSI'!$B$5,'ENTRY DATA'!AU16<='TABEL KONVERSI'!$C$5),3,IF(AND(AU16>='TABEL KONVERSI'!$B$6,'ENTRY DATA'!AU16<='TABEL KONVERSI'!$C$6),4,"")))),"-") -> - | AX16: =IF(AT16<>"",AT16,"-") -> - | AY16: =VLOOKUP(AV16,'TABEL KONVERSI'!$A$3:$D$7,4) -> - | AZ16: =IF(AU16<>"",AU16,"-") -> - | BA16: =VLOOKUP(AW16,'TABEL KONVERSI'!$A$3:$D$7,4) -> - | BF16: =IF(BB16<>"",ROUND(BB16,0),"") | BG16: =IF(BC16<>"",ROUND(BC16,0),"") | BH16: =IF(BF16<>"",IF(AND(BF16>='TABEL KONVERSI'!$B$3,'ENTRY DATA'!BF16<='TABEL KONVERSI'!$C$3),1,IF(AND(BF16>='TABEL KONVERSI'!$B$4,'ENTRY DATA'!BF16<='TABEL KONVERSI'!$C$4),2,IF(AND(BF16>='TABEL KONVERSI'!$B$5,'ENTRY DATA'!BF16<='TABEL KONVERSI'!$C$5),3,IF(AND(BF16>='TABEL KONVERSI'!$B$6,'ENTRY DATA'!BF16<='TABEL KONVERSI'!$C$6),4,"")))),"-") -> - | BI16: =IF(BG16<>"",IF(AND(BG16>='TABEL KONVERSI'!$B$3,'ENTRY DATA'!BG16<='TABEL KONVERSI'!$C$3),1,IF(AND(BG16>='TABEL KONVERSI'!$B$4,'ENTRY DATA'!BG16<='TABEL KONVERSI'!$C$4),2,IF(AND(BG16>='TABEL KONVERSI'!$B$5,'ENTRY DATA'!BG16<='TABEL KONVERSI'!$C$5),3,IF(AND(BG16>='TABEL KONVERSI'!$B$6,'ENTRY DATA'!BG16<='TABEL KONVERSI'!$C$6),4,"")))),"-") -> - | BJ16: =IF(BF16<>"",BF16,"-") -> - | BK16: =VLOOKUP(BH16,'TABEL KONVERSI'!$A$3:$D$7,4) -> - | BL16: =IF(BG16<>"",BG16,"-") -> - | BM16: =VLOOKUP(BI16,'TABEL KONVERSI'!$A$3:$D$7,4) -> - | BR16: =IF(BN16<>"",ROUND(BN16,0),"") | BS16: =IF(BO16<>"",ROUND(BO16,0),"") | BT16: =IF(BR16<>"",IF(AND(BR16>='TABEL KONVERSI'!$B$3,'ENTRY DATA'!BR16<='TABEL KONVERSI'!$C$3),1,IF(AND(BR16>='TABEL KONVERSI'!$B$4,'ENTRY DATA'!BR16<='TABEL KONVERSI'!$C$4),2,IF(AND(BR16>='TABEL KONVERSI'!$B$5,'ENTRY DATA'!BR16<='TABEL KONVERSI'!$C$5),3,IF(AND(BR16>='TABEL KONVERSI'!$B$6,'ENTRY DATA'!BR16<='TABEL KONVERSI'!$C$6),4,"")))),"-") -> - | BU16: =IF(BS16<>"",IF(AND(BS16>='TABEL KONVERSI'!$B$3,'ENTRY DATA'!BS16<='TABEL KONVERSI'!$C$3),1,IF(AND(BS16>='TABEL KONVERSI'!$B$4,'ENTRY DATA'!BS16<='TABEL KONVERSI'!$C$4),2,IF(AND(BS16>='TABEL KONVERSI'!$B$5,'ENTRY DATA'!BS16<='TABEL KONVERSI'!$C$5),3,IF(AND(BS16>='TABEL KONVERSI'!$B$6,'ENTRY DATA'!BS16<='TABEL KONVERSI'!$C$6),4,"")))),"-") -> - | BV16: =IF(BR16<>"",BR16,"-") -> - | BW16: =VLOOKUP(BT16,'TABEL KONVERSI'!$A$3:$D$7,4) -> - | BX16: =IF(BS16<>"",BS16,"-") -> - | BY16: =VLOOKUP(BU16,'TABEL KONVERSI'!$A$3:$D$7,4) -> - | CD16: =IF(BZ16<>"",ROUND(BZ16,0),"") | CE16: =IF(CA16<>"",ROUND(CA16,0),"") | CF16: =IF(CD16<>"",IF(AND(CD16>='TABEL KONVERSI'!$B$3,'ENTRY DATA'!CD16<='TABEL KONVERSI'!$C$3),1,IF(AND(CD16>='TABEL KONVERSI'!$B$4,'ENTRY DATA'!CD16<='TABEL KONVERSI'!$C$4),2,IF(AND(CD16>='TABEL KONVERSI'!$B$5,'ENTRY DATA'!CD16<='TABEL KONVERSI'!$C$5),3,IF(AND(CD16>='TABEL KONVERSI'!$B$6,'ENTRY DATA'!CD16<='TABEL KONVERSI'!$C$6),4,"")))),"-") -> - | CG16: =IF(CE16<>"",IF(AND(CE16>='TABEL KONVERSI'!$B$3,'ENTRY DATA'!CE16<='TABEL KONVERSI'!$C$3),1,IF(AND(CE16>='TABEL KONVERSI'!$B$4,'ENTRY DATA'!CE16<='TABEL KONVERSI'!$C$4),2,IF(AND(CE16>='TABEL KONVERSI'!$B$5,'ENTRY DATA'!CE16<='TABEL KONVERSI'!$C$5),3,IF(AND(CE16>='TABEL KONVERSI'!$B$6,'ENTRY DATA'!CE16<='TABEL KONVERSI'!$C$6),4,"")))),"-") -> - | CH16: =IF(CD16<>"",CD16,"-") -> - | CI16: =VLOOKUP(CF16,'TABEL KONVERSI'!$A$3:$D$7,4) -> - | CJ16: =IF(CE16<>"",CE16,"-") -> - | CK16: =VLOOKUP(CG16,'TABEL KONVERSI'!$A$3:$D$7,4) -> - | CP16: =IF(CL16<>"",ROUND(CL16,0),"") | CQ16: =IF(CM16<>"",ROUND(CM16,0),"") | CR16: =IF(CP16<>"",IF(AND(CP16>='TABEL KONVERSI'!$B$3,'ENTRY DATA'!CP16<='TABEL KONVERSI'!$C$3),1,IF(AND(CP16>='TABEL KONVERSI'!$B$4,'ENTRY DATA'!CP16<='TABEL KONVERSI'!$C$4),2,IF(AND(CP16>='TABEL KONVERSI'!$B$5,'ENTRY DATA'!CP16<='TABEL KONVERSI'!$C$5),3,IF(AND(CP16>='TABEL KONVERSI'!$B$6,'ENTRY DATA'!CP16<='TABEL KONVERSI'!$C$6),4,"")))),"-") -> - | CS16: =IF(CQ16<>"",IF(AND(CQ16>='TABEL KONVERSI'!$B$3,'ENTRY DATA'!CQ16<='TABEL KONVERSI'!$C$3),1,IF(AND(CQ16>='TABEL KONVERSI'!$B$4,'ENTRY DATA'!CQ16<='TABEL KONVERSI'!$C$4),2,IF(AND(CQ16>='TABEL KONVERSI'!$B$5,'ENTRY DATA'!CQ16<='TABEL KONVERSI'!$C$5),3,IF(AND(CQ16>='TABEL KONVERSI'!$B$6,'ENTRY DATA'!CQ16<='TABEL KONVERSI'!$C$6),4,"")))),"-") -> - | CT16: =IF(CP16<>"",CP16,"-") -> - | CU16: =VLOOKUP(CR16,'TABEL KONVERSI'!$A$3:$D$7,4) -> - | CV16: =IF(CQ16<>"",CQ16,"-") -> - | CW16: =VLOOKUP(CS16,'TABEL KONVERSI'!$A$3:$D$7,4) -> - | DB16: =IF(CX16<>"",ROUND(CX16,0),"") | DC16: =IF(CY16<>"",ROUND(CY16,0),"") | DD16: =IF(DB16<>"",IF(AND(DB16>='TABEL KONVERSI'!$B$3,'ENTRY DATA'!DB16<='TABEL KONVERSI'!$C$3),1,IF(AND(DB16>='TABEL KONVERSI'!$B$4,'ENTRY DATA'!DB16<='TABEL KONVERSI'!$C$4),2,IF(AND(DB16>='TABEL KONVERSI'!$B$5,'ENTRY DATA'!DB16<='TABEL KONVERSI'!$C$5),3,IF(AND(DB16>='TABEL KONVERSI'!$B$6,'ENTRY DATA'!DB16<='TABEL KONVERSI'!$C$6),4,"")))),"-") -> - | DE16: =IF(DC16<>"",IF(AND(DC16>='TABEL KONVERSI'!$B$3,'ENTRY DATA'!DC16<='TABEL KONVERSI'!$C$3),1,IF(AND(DC16>='TABEL KONVERSI'!$B$4,'ENTRY DATA'!DC16<='TABEL KONVERSI'!$C$4),2,IF(AND(DC16>='TABEL KONVERSI'!$B$5,'ENTRY DATA'!DC16<='TABEL KONVERSI'!$C$5),3,IF(AND(DC16>='TABEL KONVERSI'!$B$6,'ENTRY DATA'!DC16<='TABEL KONVERSI'!$C$6),4,"")))),"-") -> - | DF16: =IF(DB16<>"",DB16,"-") -> - | DG16: =VLOOKUP(DD16,'TABEL KONVERSI'!$A$3:$D$7,4) -> - | DH16: =IF(DC16<>"",DC16,"-") -> - | DI16: =VLOOKUP(DE16,'TABEL KONVERSI'!$A$3:$D$7,4) -> - | DN16: =IF(DJ16<>"",ROUND(DJ16,0),"") | DO16: =IF(DK16<>"",ROUND(DK16,0),"") | DP16: =IF(DN16<>"",IF(AND(DN16>='TABEL KONVERSI'!$B$3,'ENTRY DATA'!DN16<='TABEL KONVERSI'!$C$3),1,IF(AND(DN16>='TABEL KONVERSI'!$B$4,'ENTRY DATA'!DN16<='TABEL KONVERSI'!$C$4),2,IF(AND(DN16>='TABEL KONVERSI'!$B$5,'ENTRY DATA'!DN16<='TABEL KONVERSI'!$C$5),3,IF(AND(DN16>='TABEL KONVERSI'!$B$6,'ENTRY DATA'!DN16<='TABEL KONVERSI'!$C$6),4,"")))),"-") -> - | DQ16: =IF(DO16<>"",IF(AND(DO16>='TABEL KONVERSI'!$B$3,'ENTRY DATA'!DO16<='TABEL KONVERSI'!$C$3),1,IF(AND(DO16>='TABEL KONVERSI'!$B$4,'ENTRY DATA'!DO16<='TABEL KONVERSI'!$C$4),2,IF(AND(DO16>='TABEL KONVERSI'!$B$5,'ENTRY DATA'!DO16<='TABEL KONVERSI'!$C$5),3,IF(AND(DO16>='TABEL KONVERSI'!$B$6,'ENTRY DATA'!DO16<='TABEL KONVERSI'!$C$6),4,"")))),"-") -> - | DR16: =IF(DN16<>"",DN16,"-") -> - | DS16: =VLOOKUP(DP16,'TABEL KONVERSI'!$A$3:$D$7,4) -> - | DT16: =IF(DO16<>"",DO16,"-") -> - | DU16: =VLOOKUP(DQ16,'TABEL KONVERSI'!$A$3:$D$7,4) -> - | DZ16: =IF(DV16<>"",ROUND(DV16,0),"") | EA16: =IF(DW16<>"",ROUND(DW16,0),"") | EB16: =IF(DZ16<>"",IF(AND(DZ16>='TABEL KONVERSI'!$B$3,'ENTRY DATA'!DZ16<='TABEL KONVERSI'!$C$3),1,IF(AND(DZ16>='TABEL KONVERSI'!$B$4,'ENTRY DATA'!DZ16<='TABEL KONVERSI'!$C$4),2,IF(AND(DZ16>='TABEL KONVERSI'!$B$5,'ENTRY DATA'!DZ16<='TABEL KONVERSI'!$C$5),3,IF(AND(DZ16>='TABEL KONVERSI'!$B$6,'ENTRY DATA'!DZ16<='TABEL KONVERSI'!$C$6),4,"")))),"-") -> - | EC16: =IF(EA16<>"",IF(AND(EA16>='TABEL KONVERSI'!$B$3,'ENTRY DATA'!EA16<='TABEL KONVERSI'!$C$3),1,IF(AND(EA16>='TABEL KONVERSI'!$B$4,'ENTRY DATA'!EA16<='TABEL KONVERSI'!$C$4),2,IF(AND(EA16>='TABEL KONVERSI'!$B$5,'ENTRY DATA'!EA16<='TABEL KONVERSI'!$C$5),3,IF(AND(EA16>='TABEL KONVERSI'!$B$6,'ENTRY DATA'!EA16<='TABEL KONVERSI'!$C$6),4,"")))),"-") -> - | ED16: =IF(DZ16<>"",DZ16,"-") -> - | EE16: =VLOOKUP(EB16,'TABEL KONVERSI'!$A$3:$D$7,4) -> - | EF16: =IF(EA16<>"",EA16,"-") -> - | EG16: =VLOOKUP(EC16,'TABEL KONVERSI'!$A$3:$D$7,4) -> - | EL16: =IF(EH16<>"",ROUND(EH16,0),"") | EM16: =IF(EI16<>"",ROUND(EI16,0),"") | EN16: =IF(EL16<>"",IF(AND(EL16>='TABEL KONVERSI'!$B$3,'ENTRY DATA'!EL16<='TABEL KONVERSI'!$C$3),1,IF(AND(EL16>='TABEL KONVERSI'!$B$4,'ENTRY DATA'!EL16<='TABEL KONVERSI'!$C$4),2,IF(AND(EL16>='TABEL KONVERSI'!$B$5,'ENTRY DATA'!EL16<='TABEL KONVERSI'!$C$5),3,IF(AND(EL16>='TABEL KONVERSI'!$B$6,'ENTRY DATA'!EL16<='TABEL KONVERSI'!$C$6),4,"")))),"-") -> - | EO16: =IF(EM16<>"",IF(AND(EM16>='TABEL KONVERSI'!$B$3,'ENTRY DATA'!EM16<='TABEL KONVERSI'!$C$3),1,IF(AND(EM16>='TABEL KONVERSI'!$B$4,'ENTRY DATA'!EM16<='TABEL KONVERSI'!$C$4),2,IF(AND(EM16>='TABEL KONVERSI'!$B$5,'ENTRY DATA'!EM16<='TABEL KONVERSI'!$C$5),3,IF(AND(EM16>='TABEL KONVERSI'!$B$6,'ENTRY DATA'!EM16<='TABEL KONVERSI'!$C$6),4,"")))),"-") -> - | EP16: =IF(EL16<>"",EL16,"-") -> - | EQ16: =VLOOKUP(EN16,'TABEL KONVERSI'!$A$3:$D$7,4) -> - | ER16: =IF(EM16<>"",EM16,"-") -> - | ES16: =VLOOKUP(EO16,'TABEL KONVERSI'!$A$3:$D$7,4) -> - | EX16: =IF(ET16<>"",ROUND(ET16,0),"") | EY16: =IF(EU16<>"",ROUND(EU16,0),"") | EZ16: =IF(EX16<>"",IF(AND(EX16>='TABEL KONVERSI'!$B$3,'ENTRY DATA'!EX16<='TABEL KONVERSI'!$C$3),1,IF(AND(EX16>='TABEL KONVERSI'!$B$4,'ENTRY DATA'!EX16<='TABEL KONVERSI'!$C$4),2,IF(AND(EX16>='TABEL KONVERSI'!$B$5,'ENTRY DATA'!EX16<='TABEL KONVERSI'!$C$5),3,IF(AND(EX16>='TABEL KONVERSI'!$B$6,'ENTRY DATA'!EX16<='TABEL KONVERSI'!$C$6),4,"")))),"-") -> - | FA16: =IF(EY16<>"",IF(AND(EY16>='TABEL KONVERSI'!$B$3,'ENTRY DATA'!EY16<='TABEL KONVERSI'!$C$3),1,IF(AND(EY16>='TABEL KONVERSI'!$B$4,'ENTRY DATA'!EY16<='TABEL KONVERSI'!$C$4),2,IF(AND(EY16>='TABEL KONVERSI'!$B$5,'ENTRY DATA'!EY16<='TABEL KONVERSI'!$C$5),3,IF(AND(EY16>='TABEL KONVERSI'!$B$6,'ENTRY DATA'!EY16<='TABEL KONVERSI'!$C$6),4,"")))),"-") -> - | FB16: =IF(EX16<>"",EX16,"-") -> - | FC16: =VLOOKUP(EZ16,'TABEL KONVERSI'!$A$3:$D$7,4) -> - | FD16: =IF(EY16<>"",EY16,"-") -> - | FE16: =VLOOKUP(FA16,'TABEL KONVERSI'!$A$3:$D$7,4) -> - | FJ16: =IF(FF16<>"",ROUND(FF16,0),"") | FK16: =IF(FG16<>"",ROUND(FG16,0),"") | FL16: =IF(FJ16<>"",IF(AND(FJ16>='TABEL KONVERSI'!$B$3,'ENTRY DATA'!FJ16<='TABEL KONVERSI'!$C$3),1,IF(AND(FJ16>='TABEL KONVERSI'!$B$4,'ENTRY DATA'!FJ16<='TABEL KONVERSI'!$C$4),2,IF(AND(FJ16>='TABEL KONVERSI'!$B$5,'ENTRY DATA'!FJ16<='TABEL KONVERSI'!$C$5),3,IF(AND(FJ16>='TABEL KONVERSI'!$B$6,'ENTRY DATA'!FJ16<='TABEL KONVERSI'!$C$6),4,"")))),"-") -> - | FM16: =IF(FK16<>"",IF(AND(FK16>='TABEL KONVERSI'!$B$3,'ENTRY DATA'!FK16<='TABEL KONVERSI'!$C$3),1,IF(AND(FK16>='TABEL KONVERSI'!$B$4,'ENTRY DATA'!FK16<='TABEL KONVERSI'!$C$4),2,IF(AND(FK16>='TABEL KONVERSI'!$B$5,'ENTRY DATA'!FK16<='TABEL KONVERSI'!$C$5),3,IF(AND(FK16>='TABEL KONVERSI'!$B$6,'ENTRY DATA'!FK16<='TABEL KONVERSI'!$C$6),4,"")))),"-") -> - | FN16: =IF(FJ16<>"",FJ16,"-") -> - | FO16: =VLOOKUP(FL16,'TABEL KONVERSI'!$A$3:$D$7,4) -> - | FP16: =IF(FK16<>"",FK16,"-") -> - | FQ16: =VLOOKUP(FM16,'TABEL KONVERSI'!$A$3:$D$7,4) -> - | FV16: =IF(FR16<>"",ROUND(FR16,0),"") | FW16: =IF(FS16<>"",ROUND(FS16,0),"") | FX16: =IF(FV16<>"",IF(AND(FV16>='TABEL KONVERSI'!$B$3,'ENTRY DATA'!FV16<='TABEL KONVERSI'!$C$3),1,IF(AND(FV16>='TABEL KONVERSI'!$B$4,'ENTRY DATA'!FV16<='TABEL KONVERSI'!$C$4),2,IF(AND(FV16>='TABEL KONVERSI'!$B$5,'ENTRY DATA'!FV16<='TABEL KONVERSI'!$C$5),3,IF(AND(FV16>='TABEL KONVERSI'!$B$6,'ENTRY DATA'!FV16<='TABEL KONVERSI'!$C$6),4,"")))),"-") -> - | FY16: =IF(FW16<>"",IF(AND(FW16>='TABEL KONVERSI'!$B$3,'ENTRY DATA'!FW16<='TABEL KONVERSI'!$C$3),1,IF(AND(FW16>='TABEL KONVERSI'!$B$4,'ENTRY DATA'!FW16<='TABEL KONVERSI'!$C$4),2,IF(AND(FW16>='TABEL KONVERSI'!$B$5,'ENTRY DATA'!FW16<='TABEL KONVERSI'!$C$5),3,IF(AND(FW16>='TABEL KONVERSI'!$B$6,'ENTRY DATA'!FW16<='TABEL KONVERSI'!$C$6),4,"")))),"-") -> - | FZ16: =IF(FV16<>"",FV16,"-") -> - | GA16: =VLOOKUP(FX16,'TABEL KONVERSI'!$A$3:$D$7,4) -> - | GB16: =IF(FW16<>"",FW16,"-") -> - | GC16: =VLOOKUP(FY16,'TABEL KONVERSI'!$A$3:$D$7,4) -> - | GH16: =IF(GD16<>"",ROUND(GD16,0),"") | GI16: =IF(GE16<>"",ROUND(GE16,0),"") | GJ16: =IF(GH16<>"",IF(AND(GH16>='TABEL KONVERSI'!$B$3,'ENTRY DATA'!GH16<='TABEL KONVERSI'!$C$3),1,IF(AND(GH16>='TABEL KONVERSI'!$B$4,'ENTRY DATA'!GH16<='TABEL KONVERSI'!$C$4),2,IF(AND(GH16>='TABEL KONVERSI'!$B$5,'ENTRY DATA'!GH16<='TABEL KONVERSI'!$C$5),3,IF(AND(GH16>='TABEL KONVERSI'!$B$6,'ENTRY DATA'!GH16<='TABEL KONVERSI'!$C$6),4,"")))),"-") -> - | GK16: =IF(GI16<>"",IF(AND(GI16>='TABEL KONVERSI'!$B$3,'ENTRY DATA'!GI16<='TABEL KONVERSI'!$C$3),1,IF(AND(GI16>='TABEL KONVERSI'!$B$4,'ENTRY DATA'!GI16<='TABEL KONVERSI'!$C$4),2,IF(AND(GI16>='TABEL KONVERSI'!$B$5,'ENTRY DATA'!GI16<='TABEL KONVERSI'!$C$5),3,IF(AND(GI16>='TABEL KONVERSI'!$B$6,'ENTRY DATA'!GI16<='TABEL KONVERSI'!$C$6),4,"")))),"-") -> - | GL16: =IF(GH16<>"",GH16,"-") -> - | GM16: =VLOOKUP(GJ16,'TABEL KONVERSI'!$A$3:$D$7,4) -> - | GN16: =IF(GI16<>"",GI16,"-") -> - | GO16: =VLOOKUP(GK16,'TABEL KONVERSI'!$A$3:$D$7,4) -> - | GP16: =H16 -> 0 | GQ16: =T16 -> 0 | GR16: =AF16 -> 0 | GS16: =AR16 -> 0 | GT16: =BD16 -> 0 | GU16: =BP16 -> 0 | GV16: =CB16 -> 0 | GW16: =CN16 -> 0 | GX16: =CZ16 -> 0 | GY16: =DL16 -> 0 | GZ16: =DX16 -> 0 | HA16: =EJ16 -> 0 | HB16: =EV16 -> 0 | HC16: =FH16 -> 0 | HD16: =FT16 -> 0 | HE16: =GF16 -> 0 | HF16: =COUNTIF($GP16:$HE16,"=A") -> 0 | HG16: =COUNTIF($GP16:$HE16,"=B") -> 0 | HH16: =COUNTIF($GP16:$HE16,"=C") -> 0 | HI16: =COUNTIF($GP16:$HE16,"=D") -> 0 | HJ16: =IF(AND(HF16=0,HG16=0,HH16=0,HI16=0),"-",IF(MAX(HF16:HI16)=HF16,"A",IF(MAX(HF16:HI16)=HG16,"B",IF(MAX(HF16:HI16)=HH16,"C",IF(MAX(HF16:HI16)=HI16,"D","-"))))) -> - | HK16: =VLOOKUP(HJ16,'TABEL KONVERSI'!$B$11:$D$15,2,0) -> - | HL16: =I16 -> 0 | HM16: =U16 -> 0 | HN16: =AG16 -> 0 | HO16: =AS16 -> 0 | HP16: =BE16 -> 0 | HQ16: =BQ16 -> 0 | HR16: =CC16 -> 0 | HS16: =CO16 -> 0 | HT16: =DA16 -> 0 | HU16: =DM16 -> 0 | HV16: =DY16 -> 0 | HW16: =EK16 -> 0 | HX16: =EW16 -> 0 | HY16: =FI16 -> 0 | HZ16: =FU16 -> 0 | IA16: =GG16 -> 0 | IB16: =COUNTIF($HL16:$IA16,"=A") -> 0 | IC16: =COUNTIF($HL16:$IA16,"=B") -> 0 | ID16: =COUNTIF($HL16:$IA16,"=C") -> 0 | IE16: =COUNTIF($HL16:$IA16,"=D") -> 0 | IF16: =IF(AND(IB16=0,IC16=0,ID16=0,IE16=0),"-",IF(MAX(IB16:IE16)=IB16,"A",IF(MAX(IB16:IE16)=IC16,"B",IF(MAX(IB16:IE16)=ID16,"C",IF(MAX(IB16:IE16)=IE16,"D","-"))))) -> - | IG16: =VLOOKUP(IF16,'TABEL KONVERSI'!$B$11:$D$15,3,0) -> - | IH16: Pramuka | II16: B | IJ16: =IF(II16<>"",VLOOKUP(II16,'TABEL KONVERSI'!$A$19:$B$23,2,0),"") -> Aktif dalam mengikuti kegiatan | IK16: - | IL16: - | IM16: =IF(IL16<>"",VLOOKUP(IL16,'TABEL KONVERSI'!$A$19:$B$23,2,0),"") -> - | IN16: - | IO16: - | IP16: =IF(IO16<>"",VLOOKUP(IO16,'TABEL KONVERSI'!$A$19:$B$23,2,0),"") -> - | IQ16: - | IR16: - | IS16: =IF(IR16<>"",VLOOKUP(IR16,'TABEL KONVERSI'!$A$19:$B$23,2,0),"") -> - | IT16: - | IU16: - | IV16: =IF(IU16<>"",VLOOKUP(IU16,'TABEL KONVERSI'!$A$19:$B$23,2,0),"") -> - | IW16: - | IX16: - | IY16: - | IZ16: - | JA16: =SUM(N16,P16,Z16,AB16,AL16,AN16,AX16,AZ16,BJ16,BL16,BV16,BX16,CH16,CJ16,CT16,CV16,DF16,DH16,DR16,DT16,ED16,EF16,EP16,ER16,FB16,FD16,FN16,FP16,FZ16,GB16,GL16,GN16) -> 0 | JB16: =RANK(JA16,$JA$13:$JA$62,0) -> 1
A17: 5 | J17: =IF(F17<>"",ROUND(F17,0),"") | K17: =IF(G17<>"",ROUND(G17,0),"") | L17: =IF(J17<>"",IF(AND(J17>='TABEL KONVERSI'!$B$3,'ENTRY DATA'!J17<='TABEL KONVERSI'!$C$3),1,IF(AND(J17>='TABEL KONVERSI'!$B$4,'ENTRY DATA'!J17<='TABEL KONVERSI'!$C$4),2,IF(AND(J17>='TABEL KONVERSI'!$B$5,'ENTRY DATA'!J17<='TABEL KONVERSI'!$C$5),3,IF(AND(J17>='TABEL KONVERSI'!$B$6,'ENTRY DATA'!J17<='TABEL KONVERSI'!$C$6),4,"")))),"-") -> - | M17: =IF(K17<>"",IF(AND(K17>='TABEL KONVERSI'!$B$3,'ENTRY DATA'!K17<='TABEL KONVERSI'!$C$3),1,IF(AND(K17>='TABEL KONVERSI'!$B$4,'ENTRY DATA'!K17<='TABEL KONVERSI'!$C$4),2,IF(AND(K17>='TABEL KONVERSI'!$B$5,'ENTRY DATA'!K17<='TABEL KONVERSI'!$C$5),3,IF(AND(K17>='TABEL KONVERSI'!$B$6,'ENTRY DATA'!K17<='TABEL KONVERSI'!$C$6),4,"")))),"-") -> - | N17: =IF(J17<>"",J17,"-") -> - | O17: =VLOOKUP(L17,'TABEL KONVERSI'!$A$3:$D$7,4) -> - | P17: =IF(K17<>"",K17,"-") -> - | Q17: =VLOOKUP(M17,'TABEL KONVERSI'!$A$3:$D$7,4) -> - | V17: =IF(R17<>"",ROUND(R17,0),"") | W17: =IF(S17<>"",ROUND(S17,0),"") | X17: =IF(V17<>"",IF(AND(V17>='TABEL KONVERSI'!$B$3,'ENTRY DATA'!V17<='TABEL KONVERSI'!$C$3),1,IF(AND(V17>='TABEL KONVERSI'!$B$4,'ENTRY DATA'!V17<='TABEL KONVERSI'!$C$4),2,IF(AND(V17>='TABEL KONVERSI'!$B$5,'ENTRY DATA'!V17<='TABEL KONVERSI'!$C$5),3,IF(AND(V17>='TABEL KONVERSI'!$B$6,'ENTRY DATA'!V17<='TABEL KONVERSI'!$C$6),4,"")))),"-") -> - | Y17: =IF(W17<>"",IF(AND(W17>='TABEL KONVERSI'!$B$3,'ENTRY DATA'!W17<='TABEL KONVERSI'!$C$3),1,IF(AND(W17>='TABEL KONVERSI'!$B$4,'ENTRY DATA'!W17<='TABEL KONVERSI'!$C$4),2,IF(AND(W17>='TABEL KONVERSI'!$B$5,'ENTRY DATA'!W17<='TABEL KONVERSI'!$C$5),3,IF(AND(W17>='TABEL KONVERSI'!$B$6,'ENTRY DATA'!W17<='TABEL KONVERSI'!$C$6),4,"")))),"-") -> - | Z17: =IF(V17<>"",V17,"-") -> - | AA17: =VLOOKUP(X17,'TABEL KONVERSI'!$A$3:$D$7,4) -> - | AB17: =IF(W17<>"",W17,"-") -> - | AC17: =VLOOKUP(Y17,'TABEL KONVERSI'!$A$3:$D$7,4) -> - | AH17: =IF(AD17<>"",ROUND(AD17,0),"") | AI17: =IF(AE17<>"",ROUND(AE17,0),"") | AJ17: =IF(AH17<>"",IF(AND(AH17>='TABEL KONVERSI'!$B$3,'ENTRY DATA'!AH17<='TABEL KONVERSI'!$C$3),1,IF(AND(AH17>='TABEL KONVERSI'!$B$4,'ENTRY DATA'!AH17<='TABEL KONVERSI'!$C$4),2,IF(AND(AH17>='TABEL KONVERSI'!$B$5,'ENTRY DATA'!AH17<='TABEL KONVERSI'!$C$5),3,IF(AND(AH17>='TABEL KONVERSI'!$B$6,'ENTRY DATA'!AH17<='TABEL KONVERSI'!$C$6),4,"")))),"-") -> - | AK17: =IF(AI17<>"",IF(AND(AI17>='TABEL KONVERSI'!$B$3,'ENTRY DATA'!AI17<='TABEL KONVERSI'!$C$3),1,IF(AND(AI17>='TABEL KONVERSI'!$B$4,'ENTRY DATA'!AI17<='TABEL KONVERSI'!$C$4),2,IF(AND(AI17>='TABEL KONVERSI'!$B$5,'ENTRY DATA'!AI17<='TABEL KONVERSI'!$C$5),3,IF(AND(AI17>='TABEL KONVERSI'!$B$6,'ENTRY DATA'!AI17<='TABEL KONVERSI'!$C$6),4,"")))),"-") -> - | AL17: =IF(AH17<>"",AH17,"-") -> - | AM17: =VLOOKUP(AJ17,'TABEL KONVERSI'!$A$3:$D$7,4) -> - | AN17: =IF(AI17<>"",AI17,"-") -> - | AO17: =VLOOKUP(AK17,'TABEL KONVERSI'!$A$3:$D$7,4) -> - | AT17: =IF(AP17<>"",ROUND(AP17,0),"") | AU17: =IF(AQ17<>"",ROUND(AQ17,0),"") | AV17: =IF(AT17<>"",IF(AND(AT17>='TABEL KONVERSI'!$B$3,'ENTRY DATA'!AT17<='TABEL KONVERSI'!$C$3),1,IF(AND(AT17>='TABEL KONVERSI'!$B$4,'ENTRY DATA'!AT17<='TABEL KONVERSI'!$C$4),2,IF(AND(AT17>='TABEL KONVERSI'!$B$5,'ENTRY DATA'!AT17<='TABEL KONVERSI'!$C$5),3,IF(AND(AT17>='TABEL KONVERSI'!$B$6,'ENTRY DATA'!AT17<='TABEL KONVERSI'!$C$6),4,"")))),"-") -> - | AW17: =IF(AU17<>"",IF(AND(AU17>='TABEL KONVERSI'!$B$3,'ENTRY DATA'!AU17<='TABEL KONVERSI'!$C$3),1,IF(AND(AU17>='TABEL KONVERSI'!$B$4,'ENTRY DATA'!AU17<='TABEL KONVERSI'!$C$4),2,IF(AND(AU17>='TABEL KONVERSI'!$B$5,'ENTRY DATA'!AU17<='TABEL KONVERSI'!$C$5),3,IF(AND(AU17>='TABEL KONVERSI'!$B$6,'ENTRY DATA'!AU17<='TABEL KONVERSI'!$C$6),4,"")))),"-") -> - | AX17: =IF(AT17<>"",AT17,"-") -> - | AY17: =VLOOKUP(AV17,'TABEL KONVERSI'!$A$3:$D$7,4) -> - | AZ17: =IF(AU17<>"",AU17,"-") -> - | BA17: =VLOOKUP(AW17,'TABEL KONVERSI'!$A$3:$D$7,4) -> - | BF17: =IF(BB17<>"",ROUND(BB17,0),"") | BG17: =IF(BC17<>"",ROUND(BC17,0),"") | BH17: =IF(BF17<>"",IF(AND(BF17>='TABEL KONVERSI'!$B$3,'ENTRY DATA'!BF17<='TABEL KONVERSI'!$C$3),1,IF(AND(BF17>='TABEL KONVERSI'!$B$4,'ENTRY DATA'!BF17<='TABEL KONVERSI'!$C$4),2,IF(AND(BF17>='TABEL KONVERSI'!$B$5,'ENTRY DATA'!BF17<='TABEL KONVERSI'!$C$5),3,IF(AND(BF17>='TABEL KONVERSI'!$B$6,'ENTRY DATA'!BF17<='TABEL KONVERSI'!$C$6),4,"")))),"-") -> - | BI17: =IF(BG17<>"",IF(AND(BG17>='TABEL KONVERSI'!$B$3,'ENTRY DATA'!BG17<='TABEL KONVERSI'!$C$3),1,IF(AND(BG17>='TABEL KONVERSI'!$B$4,'ENTRY DATA'!BG17<='TABEL KONVERSI'!$C$4),2,IF(AND(BG17>='TABEL KONVERSI'!$B$5,'ENTRY DATA'!BG17<='TABEL KONVERSI'!$C$5),3,IF(AND(BG17>='TABEL KONVERSI'!$B$6,'ENTRY DATA'!BG17<='TABEL KONVERSI'!$C$6),4,"")))),"-") -> - | BJ17: =IF(BF17<>"",BF17,"-") -> - | BK17: =VLOOKUP(BH17,'TABEL KONVERSI'!$A$3:$D$7,4) -> - | BL17: =IF(BG17<>"",BG17,"-") -> - | BM17: =VLOOKUP(BI17,'TABEL KONVERSI'!$A$3:$D$7,4) -> - | BR17: =IF(BN17<>"",ROUND(BN17,0),"") | BS17: =IF(BO17<>"",ROUND(BO17,0),"") | BT17: =IF(BR17<>"",IF(AND(BR17>='TABEL KONVERSI'!$B$3,'ENTRY DATA'!BR17<='TABEL KONVERSI'!$C$3),1,IF(AND(BR17>='TABEL KONVERSI'!$B$4,'ENTRY DATA'!BR17<='TABEL KONVERSI'!$C$4),2,IF(AND(BR17>='TABEL KONVERSI'!$B$5,'ENTRY DATA'!BR17<='TABEL KONVERSI'!$C$5),3,IF(AND(BR17>='TABEL KONVERSI'!$B$6,'ENTRY DATA'!BR17<='TABEL KONVERSI'!$C$6),4,"")))),"-") -> - | BU17: =IF(BS17<>"",IF(AND(BS17>='TABEL KONVERSI'!$B$3,'ENTRY DATA'!BS17<='TABEL KONVERSI'!$C$3),1,IF(AND(BS17>='TABEL KONVERSI'!$B$4,'ENTRY DATA'!BS17<='TABEL KONVERSI'!$C$4),2,IF(AND(BS17>='TABEL KONVERSI'!$B$5,'ENTRY DATA'!BS17<='TABEL KONVERSI'!$C$5),3,IF(AND(BS17>='TABEL KONVERSI'!$B$6,'ENTRY DATA'!BS17<='TABEL KONVERSI'!$C$6),4,"")))),"-") -> - | BV17: =IF(BR17<>"",BR17,"-") -> - | BW17: =VLOOKUP(BT17,'TABEL KONVERSI'!$A$3:$D$7,4) -> - | BX17: =IF(BS17<>"",BS17,"-") -> - | BY17: =VLOOKUP(BU17,'TABEL KONVERSI'!$A$3:$D$7,4) -> - | CD17: =IF(BZ17<>"",ROUND(BZ17,0),"") | CE17: =IF(CA17<>"",ROUND(CA17,0),"") | CF17: =IF(CD17<>"",IF(AND(CD17>='TABEL KONVERSI'!$B$3,'ENTRY DATA'!CD17<='TABEL KONVERSI'!$C$3),1,IF(AND(CD17>='TABEL KONVERSI'!$B$4,'ENTRY DATA'!CD17<='TABEL KONVERSI'!$C$4),2,IF(AND(CD17>='TABEL KONVERSI'!$B$5,'ENTRY DATA'!CD17<='TABEL KONVERSI'!$C$5),3,IF(AND(CD17>='TABEL KONVERSI'!$B$6,'ENTRY DATA'!CD17<='TABEL KONVERSI'!$C$6),4,"")))),"-") -> - | CG17: =IF(CE17<>"",IF(AND(CE17>='TABEL KONVERSI'!$B$3,'ENTRY DATA'!CE17<='TABEL KONVERSI'!$C$3),1,IF(AND(CE17>='TABEL KONVERSI'!$B$4,'ENTRY DATA'!CE17<='TABEL KONVERSI'!$C$4),2,IF(AND(CE17>='TABEL KONVERSI'!$B$5,'ENTRY DATA'!CE17<='TABEL KONVERSI'!$C$5),3,IF(AND(CE17>='TABEL KONVERSI'!$B$6,'ENTRY DATA'!CE17<='TABEL KONVERSI'!$C$6),4,"")))),"-") -> - | CH17: =IF(CD17<>"",CD17,"-") -> - | CI17: =VLOOKUP(CF17,'TABEL KONVERSI'!$A$3:$D$7,4) -> - | CJ17: =IF(CE17<>"",CE17,"-") -> - | CK17: =VLOOKUP(CG17,'TABEL KONVERSI'!$A$3:$D$7,4) -> - | CP17: =IF(CL17<>"",ROUND(CL17,0),"") | CQ17: =IF(CM17<>"",ROUND(CM17,0),"") | CR17: =IF(CP17<>"",IF(AND(CP17>='TABEL KONVERSI'!$B$3,'ENTRY DATA'!CP17<='TABEL KONVERSI'!$C$3),1,IF(AND(CP17>='TABEL KONVERSI'!$B$4,'ENTRY DATA'!CP17<='TABEL KONVERSI'!$C$4),2,IF(AND(CP17>='TABEL KONVERSI'!$B$5,'ENTRY DATA'!CP17<='TABEL KONVERSI'!$C$5),3,IF(AND(CP17>='TABEL KONVERSI'!$B$6,'ENTRY DATA'!CP17<='TABEL KONVERSI'!$C$6),4,"")))),"-") -> - | CS17: =IF(CQ17<>"",IF(AND(CQ17>='TABEL KONVERSI'!$B$3,'ENTRY DATA'!CQ17<='TABEL KONVERSI'!$C$3),1,IF(AND(CQ17>='TABEL KONVERSI'!$B$4,'ENTRY DATA'!CQ17<='TABEL KONVERSI'!$C$4),2,IF(AND(CQ17>='TABEL KONVERSI'!$B$5,'ENTRY DATA'!CQ17<='TABEL KONVERSI'!$C$5),3,IF(AND(CQ17>='TABEL KONVERSI'!$B$6,'ENTRY DATA'!CQ17<='TABEL KONVERSI'!$C$6),4,"")))),"-") -> - | CT17: =IF(CP17<>"",CP17,"-") -> - | CU17: =VLOOKUP(CR17,'TABEL KONVERSI'!$A$3:$D$7,4) -> - | CV17: =IF(CQ17<>"",CQ17,"-") -> - | CW17: =VLOOKUP(CS17,'TABEL KONVERSI'!$A$3:$D$7,4) -> - | DB17: =IF(CX17<>"",ROUND(CX17,0),"") | DC17: =IF(CY17<>"",ROUND(CY17,0),"") | DD17: =IF(DB17<>"",IF(AND(DB17>='TABEL KONVERSI'!$B$3,'ENTRY DATA'!DB17<='TABEL KONVERSI'!$C$3),1,IF(AND(DB17>='TABEL KONVERSI'!$B$4,'ENTRY DATA'!DB17<='TABEL KONVERSI'!$C$4),2,IF(AND(DB17>='TABEL KONVERSI'!$B$5,'ENTRY DATA'!DB17<='TABEL KONVERSI'!$C$5),3,IF(AND(DB17>='TABEL KONVERSI'!$B$6,'ENTRY DATA'!DB17<='TABEL KONVERSI'!$C$6),4,"")))),"-") -> - | DE17: =IF(DC17<>"",IF(AND(DC17>='TABEL KONVERSI'!$B$3,'ENTRY DATA'!DC17<='TABEL KONVERSI'!$C$3),1,IF(AND(DC17>='TABEL KONVERSI'!$B$4,'ENTRY DATA'!DC17<='TABEL KONVERSI'!$C$4),2,IF(AND(DC17>='TABEL KONVERSI'!$B$5,'ENTRY DATA'!DC17<='TABEL KONVERSI'!$C$5),3,IF(AND(DC17>='TABEL KONVERSI'!$B$6,'ENTRY DATA'!DC17<='TABEL KONVERSI'!$C$6),4,"")))),"-") -> - | DF17: =IF(DB17<>"",DB17,"-") -> - | DG17: =VLOOKUP(DD17,'TABEL KONVERSI'!$A$3:$D$7,4) -> - | DH17: =IF(DC17<>"",DC17,"-") -> - | DI17: =VLOOKUP(DE17,'TABEL KONVERSI'!$A$3:$D$7,4) -> - | DN17: =IF(DJ17<>"",ROUND(DJ17,0),"") | DO17: =IF(DK17<>"",ROUND(DK17,0),"") | DP17: =IF(DN17<>"",IF(AND(DN17>='TABEL KONVERSI'!$B$3,'ENTRY DATA'!DN17<='TABEL KONVERSI'!$C$3),1,IF(AND(DN17>='TABEL KONVERSI'!$B$4,'ENTRY DATA'!DN17<='TABEL KONVERSI'!$C$4),2,IF(AND(DN17>='TABEL KONVERSI'!$B$5,'ENTRY DATA'!DN17<='TABEL KONVERSI'!$C$5),3,IF(AND(DN17>='TABEL KONVERSI'!$B$6,'ENTRY DATA'!DN17<='TABEL KONVERSI'!$C$6),4,"")))),"-") -> - | DQ17: =IF(DO17<>"",IF(AND(DO17>='TABEL KONVERSI'!$B$3,'ENTRY DATA'!DO17<='TABEL KONVERSI'!$C$3),1,IF(AND(DO17>='TABEL KONVERSI'!$B$4,'ENTRY DATA'!DO17<='TABEL KONVERSI'!$C$4),2,IF(AND(DO17>='TABEL KONVERSI'!$B$5,'ENTRY DATA'!DO17<='TABEL KONVERSI'!$C$5),3,IF(AND(DO17>='TABEL KONVERSI'!$B$6,'ENTRY DATA'!DO17<='TABEL KONVERSI'!$C$6),4,"")))),"-") -> - | DR17: =IF(DN17<>"",DN17,"-") -> - | DS17: =VLOOKUP(DP17,'TABEL KONVERSI'!$A$3:$D$7,4) -> - | DT17: =IF(DO17<>"",DO17,"-") -> - | DU17: =VLOOKUP(DQ17,'TABEL KONVERSI'!$A$3:$D$7,4) -> - | DZ17: =IF(DV17<>"",ROUND(DV17,0),"") | EA17: =IF(DW17<>"",ROUND(DW17,0),"") | EB17: =IF(DZ17<>"",IF(AND(DZ17>='TABEL KONVERSI'!$B$3,'ENTRY DATA'!DZ17<='TABEL KONVERSI'!$C$3),1,IF(AND(DZ17>='TABEL KONVERSI'!$B$4,'ENTRY DATA'!DZ17<='TABEL KONVERSI'!$C$4),2,IF(AND(DZ17>='TABEL KONVERSI'!$B$5,'ENTRY DATA'!DZ17<='TABEL KONVERSI'!$C$5),3,IF(AND(DZ17>='TABEL KONVERSI'!$B$6,'ENTRY DATA'!DZ17<='TABEL KONVERSI'!$C$6),4,"")))),"-") -> - | EC17: =IF(EA17<>"",IF(AND(EA17>='TABEL KONVERSI'!$B$3,'ENTRY DATA'!EA17<='TABEL KONVERSI'!$C$3),1,IF(AND(EA17>='TABEL KONVERSI'!$B$4,'ENTRY DATA'!EA17<='TABEL KONVERSI'!$C$4),2,IF(AND(EA17>='TABEL KONVERSI'!$B$5,'ENTRY DATA'!EA17<='TABEL KONVERSI'!$C$5),3,IF(AND(EA17>='TABEL KONVERSI'!$B$6,'ENTRY DATA'!EA17<='TABEL KONVERSI'!$C$6),4,"")))),"-") -> - | ED17: =IF(DZ17<>"",DZ17,"-") -> - | EE17: =VLOOKUP(EB17,'TABEL KONVERSI'!$A$3:$D$7,4) -> - | EF17: =IF(EA17<>"",EA17,"-") -> - | EG17: =VLOOKUP(EC17,'TABEL KONVERSI'!$A$3:$D$7,4) -> - | EL17: =IF(EH17<>"",ROUND(EH17,0),"") | EM17: =IF(EI17<>"",ROUND(EI17,0),"") | EN17: =IF(EL17<>"",IF(AND(EL17>='TABEL KONVERSI'!$B$3,'ENTRY DATA'!EL17<='TABEL KONVERSI'!$C$3),1,IF(AND(EL17>='TABEL KONVERSI'!$B$4,'ENTRY DATA'!EL17<='TABEL KONVERSI'!$C$4),2,IF(AND(EL17>='TABEL KONVERSI'!$B$5,'ENTRY DATA'!EL17<='TABEL KONVERSI'!$C$5),3,IF(AND(EL17>='TABEL KONVERSI'!$B$6,'ENTRY DATA'!EL17<='TABEL KONVERSI'!$C$6),4,"")))),"-") -> - | EO17: =IF(EM17<>"",IF(AND(EM17>='TABEL KONVERSI'!$B$3,'ENTRY DATA'!EM17<='TABEL KONVERSI'!$C$3),1,IF(AND(EM17>='TABEL KONVERSI'!$B$4,'ENTRY DATA'!EM17<='TABEL KONVERSI'!$C$4),2,IF(AND(EM17>='TABEL KONVERSI'!$B$5,'ENTRY DATA'!EM17<='TABEL KONVERSI'!$C$5),3,IF(AND(EM17>='TABEL KONVERSI'!$B$6,'ENTRY DATA'!EM17<='TABEL KONVERSI'!$C$6),4,"")))),"-") -> - | EP17: =IF(EL17<>"",EL17,"-") -> - | EQ17: =VLOOKUP(EN17,'TABEL KONVERSI'!$A$3:$D$7,4) -> - | ER17: =IF(EM17<>"",EM17,"-") -> - | ES17: =VLOOKUP(EO17,'TABEL KONVERSI'!$A$3:$D$7,4) -> - | EX17: =IF(ET17<>"",ROUND(ET17,0),"") | EY17: =IF(EU17<>"",ROUND(EU17,0),"") | EZ17: =IF(EX17<>"",IF(AND(EX17>='TABEL KONVERSI'!$B$3,'ENTRY DATA'!EX17<='TABEL KONVERSI'!$C$3),1,IF(AND(EX17>='TABEL KONVERSI'!$B$4,'ENTRY DATA'!EX17<='TABEL KONVERSI'!$C$4),2,IF(AND(EX17>='TABEL KONVERSI'!$B$5,'ENTRY DATA'!EX17<='TABEL KONVERSI'!$C$5),3,IF(AND(EX17>='TABEL KONVERSI'!$B$6,'ENTRY DATA'!EX17<='TABEL KONVERSI'!$C$6),4,"")))),"-") -> - | FA17: =IF(EY17<>"",IF(AND(EY17>='TABEL KONVERSI'!$B$3,'ENTRY DATA'!EY17<='TABEL KONVERSI'!$C$3),1,IF(AND(EY17>='TABEL KONVERSI'!$B$4,'ENTRY DATA'!EY17<='TABEL KONVERSI'!$C$4),2,IF(AND(EY17>='TABEL KONVERSI'!$B$5,'ENTRY DATA'!EY17<='TABEL KONVERSI'!$C$5),3,IF(AND(EY17>='TABEL KONVERSI'!$B$6,'ENTRY DATA'!EY17<='TABEL KONVERSI'!$C$6),4,"")))),"-") -> - | FB17: =IF(EX17<>"",EX17,"-") -> - | FC17: =VLOOKUP(EZ17,'TABEL KONVERSI'!$A$3:$D$7,4) -> - | FD17: =IF(EY17<>"",EY17,"-") -> - | FE17: =VLOOKUP(FA17,'TABEL KONVERSI'!$A$3:$D$7,4) -> - | FJ17: =IF(FF17<>"",ROUND(FF17,0),"") | FK17: =IF(FG17<>"",ROUND(FG17,0),"") | FL17: =IF(FJ17<>"",IF(AND(FJ17>='TABEL KONVERSI'!$B$3,'ENTRY DATA'!FJ17<='TABEL KONVERSI'!$C$3),1,IF(AND(FJ17>='TABEL KONVERSI'!$B$4,'ENTRY DATA'!FJ17<='TABEL KONVERSI'!$C$4),2,IF(AND(FJ17>='TABEL KONVERSI'!$B$5,'ENTRY DATA'!FJ17<='TABEL KONVERSI'!$C$5),3,IF(AND(FJ17>='TABEL KONVERSI'!$B$6,'ENTRY DATA'!FJ17<='TABEL KONVERSI'!$C$6),4,"")))),"-") -> - | FM17: =IF(FK17<>"",IF(AND(FK17>='TABEL KONVERSI'!$B$3,'ENTRY DATA'!FK17<='TABEL KONVERSI'!$C$3),1,IF(AND(FK17>='TABEL KONVERSI'!$B$4,'ENTRY DATA'!FK17<='TABEL KONVERSI'!$C$4),2,IF(AND(FK17>='TABEL KONVERSI'!$B$5,'ENTRY DATA'!FK17<='TABEL KONVERSI'!$C$5),3,IF(AND(FK17>='TABEL KONVERSI'!$B$6,'ENTRY DATA'!FK17<='TABEL KONVERSI'!$C$6),4,"")))),"-") -> - | FN17: =IF(FJ17<>"",FJ17,"-") -> - | FO17: =VLOOKUP(FL17,'TABEL KONVERSI'!$A$3:$D$7,4) -> - | FP17: =IF(FK17<>"",FK17,"-") -> - | FQ17: =VLOOKUP(FM17,'TABEL KONVERSI'!$A$3:$D$7,4) -> - | FV17: =IF(FR17<>"",ROUND(FR17,0),"") | FW17: =IF(FS17<>"",ROUND(FS17,0),"") | FX17: =IF(FV17<>"",IF(AND(FV17>='TABEL KONVERSI'!$B$3,'ENTRY DATA'!FV17<='TABEL KONVERSI'!$C$3),1,IF(AND(FV17>='TABEL KONVERSI'!$B$4,'ENTRY DATA'!FV17<='TABEL KONVERSI'!$C$4),2,IF(AND(FV17>='TABEL KONVERSI'!$B$5,'ENTRY DATA'!FV17<='TABEL KONVERSI'!$C$5),3,IF(AND(FV17>='TABEL KONVERSI'!$B$6,'ENTRY DATA'!FV17<='TABEL KONVERSI'!$C$6),4,"")))),"-") -> - | FY17: =IF(FW17<>"",IF(AND(FW17>='TABEL KONVERSI'!$B$3,'ENTRY DATA'!FW17<='TABEL KONVERSI'!$C$3),1,IF(AND(FW17>='TABEL KONVERSI'!$B$4,'ENTRY DATA'!FW17<='TABEL KONVERSI'!$C$4),2,IF(AND(FW17>='TABEL KONVERSI'!$B$5,'ENTRY DATA'!FW17<='TABEL KONVERSI'!$C$5),3,IF(AND(FW17>='TABEL KONVERSI'!$B$6,'ENTRY DATA'!FW17<='TABEL KONVERSI'!$C$6),4,"")))),"-") -> - | FZ17: =IF(FV17<>"",FV17,"-") -> - | GA17: =VLOOKUP(FX17,'TABEL KONVERSI'!$A$3:$D$7,4) -> - | GB17: =IF(FW17<>"",FW17,"-") -> - | GC17: =VLOOKUP(FY17,'TABEL KONVERSI'!$A$3:$D$7,4) -> - | GH17: =IF(GD17<>"",ROUND(GD17,0),"") | GI17: =IF(GE17<>"",ROUND(GE17,0),"") | GJ17: =IF(GH17<>"",IF(AND(GH17>='TABEL KONVERSI'!$B$3,'ENTRY DATA'!GH17<='TABEL KONVERSI'!$C$3),1,IF(AND(GH17>='TABEL KONVERSI'!$B$4,'ENTRY DATA'!GH17<='TABEL KONVERSI'!$C$4),2,IF(AND(GH17>='TABEL KONVERSI'!$B$5,'ENTRY DATA'!GH17<='TABEL KONVERSI'!$C$5),3,IF(AND(GH17>='TABEL KONVERSI'!$B$6,'ENTRY DATA'!GH17<='TABEL KONVERSI'!$C$6),4,"")))),"-") -> - | GK17: =IF(GI17<>"",IF(AND(GI17>='TABEL KONVERSI'!$B$3,'ENTRY DATA'!GI17<='TABEL KONVERSI'!$C$3),1,IF(AND(GI17>='TABEL KONVERSI'!$B$4,'ENTRY DATA'!GI17<='TABEL KONVERSI'!$C$4),2,IF(AND(GI17>='TABEL KONVERSI'!$B$5,'ENTRY DATA'!GI17<='TABEL KONVERSI'!$C$5),3,IF(AND(GI17>='TABEL KONVERSI'!$B$6,'ENTRY DATA'!GI17<='TABEL KONVERSI'!$C$6),4,"")))),"-") -> - | GL17: =IF(GH17<>"",GH17,"-") -> - | GM17: =VLOOKUP(GJ17,'TABEL KONVERSI'!$A$3:$D$7,4) -> - | GN17: =IF(GI17<>"",GI17,"-") -> - | GO17: =VLOOKUP(GK17,'TABEL KONVERSI'!$A$3:$D$7,4) -> - | GP17: =H17 -> 0 | GQ17: =T17 -> 0 | GR17: =AF17 -> 0 | GS17: =AR17 -> 0 | GT17: =BD17 -> 0 | GU17: =BP17 -> 0 | GV17: =CB17 -> 0 | GW17: =CN17 -> 0 | GX17: =CZ17 -> 0 | GY17: =DL17 -> 0 | GZ17: =DX17 -> 0 | HA17: =EJ17 -> 0 | HB17: =EV17 -> 0 | HC17: =FH17 -> 0 | HD17: =FT17 -> 0 | HE17: =GF17 -> 0 | HF17: =COUNTIF($GP17:$HE17,"=A") -> 0 | HG17: =COUNTIF($GP17:$HE17,"=B") -> 0 | HH17: =COUNTIF($GP17:$HE17,"=C") -> 0 | HI17: =COUNTIF($GP17:$HE17,"=D") -> 0 | HJ17: =IF(AND(HF17=0,HG17=0,HH17=0,HI17=0),"-",IF(MAX(HF17:HI17)=HF17,"A",IF(MAX(HF17:HI17)=HG17,"B",IF(MAX(HF17:HI17)=HH17,"C",IF(MAX(HF17:HI17)=HI17,"D","-"))))) -> - | HK17: =VLOOKUP(HJ17,'TABEL KONVERSI'!$B$11:$D$15,2,0) -> - | HL17: =I17 -> 0 | HM17: =U17 -> 0 | HN17: =AG17 -> 0 | HO17: =AS17 -> 0 | HP17: =BE17 -> 0 | HQ17: =BQ17 -> 0 | HR17: =CC17 -> 0 | HS17: =CO17 -> 0 | HT17: =DA17 -> 0 | HU17: =DM17 -> 0 | HV17: =DY17 -> 0 | HW17: =EK17 -> 0 | HX17: =EW17 -> 0 | HY17: =FI17 -> 0 | HZ17: =FU17 -> 0 | IA17: =GG17 -> 0 | IB17: =COUNTIF($HL17:$IA17,"=A") -> 0 | IC17: =COUNTIF($HL17:$IA17,"=B") -> 0 | ID17: =COUNTIF($HL17:$IA17,"=C") -> 0 | IE17: =COUNTIF($HL17:$IA17,"=D") -> 0 | IF17: =IF(AND(IB17=0,IC17=0,ID17=0,IE17=0),"-",IF(MAX(IB17:IE17)=IB17,"A",IF(MAX(IB17:IE17)=IC17,"B",IF(MAX(IB17:IE17)=ID17,"C",IF(MAX(IB17:IE17)=IE17,"D","-"))))) -> - | IG17: =VLOOKUP(IF17,'TABEL KONVERSI'!$B$11:$D$15,3,0) -> - | IH17: Pramuka | II17: B | IJ17: =IF(II17<>"",VLOOKUP(II17,'TABEL KONVERSI'!$A$19:$B$23,2,0),"") -> Aktif dalam mengikuti kegiatan | IK17: - | IL17: - | IM17: =IF(IL17<>"",VLOOKUP(IL17,'TABEL KONVERSI'!$A$19:$B$23,2,0),"") -> - | IN17: - | IO17: - | IP17: =IF(IO17<>"",VLOOKUP(IO17,'TABEL KONVERSI'!$A$19:$B$23,2,0),"") -> - | IQ17: - | IR17: - | IS17: =IF(IR17<>"",VLOOKUP(IR17,'TABEL KONVERSI'!$A$19:$B$23,2,0),"") -> - | IT17: - | IU17: - | IV17: =IF(IU17<>"",VLOOKUP(IU17,'TABEL KONVERSI'!$A$19:$B$23,2,0),"") -> - | IW17: - | IX17: - | IY17: - | IZ17: - | JA17: =SUM(N17,P17,Z17,AB17,AL17,AN17,AX17,AZ17,BJ17,BL17,BV17,BX17,CH17,CJ17,CT17,CV17,DF17,DH17,DR17,DT17,ED17,EF17,EP17,ER17,FB17,FD17,FN17,FP17,FZ17,GB17,GL17,GN17) -> 0 | JB17: =RANK(JA17,$JA$13:$JA$62,0) -> 1
A18: 6 | J18: =IF(F18<>"",ROUND(F18,0),"") | K18: =IF(G18<>"",ROUND(G18,0),"") | L18: =IF(J18<>"",IF(AND(J18>='TABEL KONVERSI'!$B$3,'ENTRY DATA'!J18<='TABEL KONVERSI'!$C$3),1,IF(AND(J18>='TABEL KONVERSI'!$B$4,'ENTRY DATA'!J18<='TABEL KONVERSI'!$C$4),2,IF(AND(J18>='TABEL KONVERSI'!$B$5,'ENTRY DATA'!J18<='TABEL KONVERSI'!$C$5),3,IF(AND(J18>='TABEL KONVERSI'!$B$6,'ENTRY DATA'!J18<='TABEL KONVERSI'!$C$6),4,"")))),"-") -> - | M18: =IF(K18<>"",IF(AND(K18>='TABEL KONVERSI'!$B$3,'ENTRY DATA'!K18<='TABEL KONVERSI'!$C$3),1,IF(AND(K18>='TABEL KONVERSI'!$B$4,'ENTRY DATA'!K18<='TABEL KONVERSI'!$C$4),2,IF(AND(K18>='TABEL KONVERSI'!$B$5,'ENTRY DATA'!K18<='TABEL KONVERSI'!$C$5),3,IF(AND(K18>='TABEL KONVERSI'!$B$6,'ENTRY DATA'!K18<='TABEL KONVERSI'!$C$6),4,"")))),"-") -> - | N18: =IF(J18<>"",J18,"-") -> - | O18: =VLOOKUP(L18,'TABEL KONVERSI'!$A$3:$D$7,4) -> - | P18: =IF(K18<>"",K18,"-") -> - | Q18: =VLOOKUP(M18,'TABEL KONVERSI'!$A$3:$D$7,4) -> - | V18: =IF(R18<>"",ROUND(R18,0),"") | W18: =IF(S18<>"",ROUND(S18,0),"") | X18: =IF(V18<>"",IF(AND(V18>='TABEL KONVERSI'!$B$3,'ENTRY DATA'!V18<='TABEL KONVERSI'!$C$3),1,IF(AND(V18>='TABEL KONVERSI'!$B$4,'ENTRY DATA'!V18<='TABEL KONVERSI'!$C$4),2,IF(AND(V18>='TABEL KONVERSI'!$B$5,'ENTRY DATA'!V18<='TABEL KONVERSI'!$C$5),3,IF(AND(V18>='TABEL KONVERSI'!$B$6,'ENTRY DATA'!V18<='TABEL KONVERSI'!$C$6),4,"")))),"-") -> - | Y18: =IF(W18<>"",IF(AND(W18>='TABEL KONVERSI'!$B$3,'ENTRY DATA'!W18<='TABEL KONVERSI'!$C$3),1,IF(AND(W18>='TABEL KONVERSI'!$B$4,'ENTRY DATA'!W18<='TABEL KONVERSI'!$C$4),2,IF(AND(W18>='TABEL KONVERSI'!$B$5,'ENTRY DATA'!W18<='TABEL KONVERSI'!$C$5),3,IF(AND(W18>='TABEL KONVERSI'!$B$6,'ENTRY DATA'!W18<='TABEL KONVERSI'!$C$6),4,"")))),"-") -> - | Z18: =IF(V18<>"",V18,"-") -> - | AA18: =VLOOKUP(X18,'TABEL KONVERSI'!$A$3:$D$7,4) -> - | AB18: =IF(W18<>"",W18,"-") -> - | AC18: =VLOOKUP(Y18,'TABEL KONVERSI'!$A$3:$D$7,4) -> - | AH18: =IF(AD18<>"",ROUND(AD18,0),"") | AI18: =IF(AE18<>"",ROUND(AE18,0),"") | AJ18: =IF(AH18<>"",IF(AND(AH18>='TABEL KONVERSI'!$B$3,'ENTRY DATA'!AH18<='TABEL KONVERSI'!$C$3),1,IF(AND(AH18>='TABEL KONVERSI'!$B$4,'ENTRY DATA'!AH18<='TABEL KONVERSI'!$C$4),2,IF(AND(AH18>='TABEL KONVERSI'!$B$5,'ENTRY DATA'!AH18<='TABEL KONVERSI'!$C$5),3,IF(AND(AH18>='TABEL KONVERSI'!$B$6,'ENTRY DATA'!AH18<='TABEL KONVERSI'!$C$6),4,"")))),"-") -> - | AK18: =IF(AI18<>"",IF(AND(AI18>='TABEL KONVERSI'!$B$3,'ENTRY DATA'!AI18<='TABEL KONVERSI'!$C$3),1,IF(AND(AI18>='TABEL KONVERSI'!$B$4,'ENTRY DATA'!AI18<='TABEL KONVERSI'!$C$4),2,IF(AND(AI18>='TABEL KONVERSI'!$B$5,'ENTRY DATA'!AI18<='TABEL KONVERSI'!$C$5),3,IF(AND(AI18>='TABEL KONVERSI'!$B$6,'ENTRY DATA'!AI18<='TABEL KONVERSI'!$C$6),4,"")))),"-") -> - | AL18: =IF(AH18<>"",AH18,"-") -> - | AM18: =VLOOKUP(AJ18,'TABEL KONVERSI'!$A$3:$D$7,4) -> - | AN18: =IF(AI18<>"",AI18,"-") -> - | AO18: =VLOOKUP(AK18,'TABEL KONVERSI'!$A$3:$D$7,4) -> - | AT18: =IF(AP18<>"",ROUND(AP18,0),"") | AU18: =IF(AQ18<>"",ROUND(AQ18,0),"") | AV18: =IF(AT18<>"",IF(AND(AT18>='TABEL KONVERSI'!$B$3,'ENTRY DATA'!AT18<='TABEL KONVERSI'!$C$3),1,IF(AND(AT18>='TABEL KONVERSI'!$B$4,'ENTRY DATA'!AT18<='TABEL KONVERSI'!$C$4),2,IF(AND(AT18>='TABEL KONVERSI'!$B$5,'ENTRY DATA'!AT18<='TABEL KONVERSI'!$C$5),3,IF(AND(AT18>='TABEL KONVERSI'!$B$6,'ENTRY DATA'!AT18<='TABEL KONVERSI'!$C$6),4,"")))),"-") -> - | AW18: =IF(AU18<>"",IF(AND(AU18>='TABEL KONVERSI'!$B$3,'ENTRY DATA'!AU18<='TABEL KONVERSI'!$C$3),1,IF(AND(AU18>='TABEL KONVERSI'!$B$4,'ENTRY DATA'!AU18<='TABEL KONVERSI'!$C$4),2,IF(AND(AU18>='TABEL KONVERSI'!$B$5,'ENTRY DATA'!AU18<='TABEL KONVERSI'!$C$5),3,IF(AND(AU18>='TABEL KONVERSI'!$B$6,'ENTRY DATA'!AU18<='TABEL KONVERSI'!$C$6),4,"")))),"-") -> - | AX18: =IF(AT18<>"",AT18,"-") -> - | AY18: =VLOOKUP(AV18,'TABEL KONVERSI'!$A$3:$D$7,4) -> - | AZ18: =IF(AU18<>"",AU18,"-") -> - | BA18: =VLOOKUP(AW18,'TABEL KONVERSI'!$A$3:$D$7,4) -> - | BF18: =IF(BB18<>"",ROUND(BB18,0),"") | BG18: =IF(BC18<>"",ROUND(BC18,0),"") | BH18: =IF(BF18<>"",IF(AND(BF18>='TABEL KONVERSI'!$B$3,'ENTRY DATA'!BF18<='TABEL KONVERSI'!$C$3),1,IF(AND(BF18>='TABEL KONVERSI'!$B$4,'ENTRY DATA'!BF18<='TABEL KONVERSI'!$C$4),2,IF(AND(BF18>='TABEL KONVERSI'!$B$5,'ENTRY DATA'!BF18<='TABEL KONVERSI'!$C$5),3,IF(AND(BF18>='TABEL KONVERSI'!$B$6,'ENTRY DATA'!BF18<='TABEL KONVERSI'!$C$6),4,"")))),"-") -> - | BI18: =IF(BG18<>"",IF(AND(BG18>='TABEL KONVERSI'!$B$3,'ENTRY DATA'!BG18<='TABEL KONVERSI'!$C$3),1,IF(AND(BG18>='TABEL KONVERSI'!$B$4,'ENTRY DATA'!BG18<='TABEL KONVERSI'!$C$4),2,IF(AND(BG18>='TABEL KONVERSI'!$B$5,'ENTRY DATA'!BG18<='TABEL KONVERSI'!$C$5),3,IF(AND(BG18>='TABEL KONVERSI'!$B$6,'ENTRY DATA'!BG18<='TABEL KONVERSI'!$C$6),4,"")))),"-") -> - | BJ18: =IF(BF18<>"",BF18,"-") -> - | BK18: =VLOOKUP(BH18,'TABEL KONVERSI'!$A$3:$D$7,4) -> - | BL18: =IF(BG18<>"",BG18,"-") -> - | BM18: =VLOOKUP(BI18,'TABEL KONVERSI'!$A$3:$D$7,4) -> - | BR18: =IF(BN18<>"",ROUND(BN18,0),"") | BS18: =IF(BO18<>"",ROUND(BO18,0),"") | BT18: =IF(BR18<>"",IF(AND(BR18>='TABEL KONVERSI'!$B$3,'ENTRY DATA'!BR18<='TABEL KONVERSI'!$C$3),1,IF(AND(BR18>='TABEL KONVERSI'!$B$4,'ENTRY DATA'!BR18<='TABEL KONVERSI'!$C$4),2,IF(AND(BR18>='TABEL KONVERSI'!$B$5,'ENTRY DATA'!BR18<='TABEL KONVERSI'!$C$5),3,IF(AND(BR18>='TABEL KONVERSI'!$B$6,'ENTRY DATA'!BR18<='TABEL KONVERSI'!$C$6),4,"")))),"-") -> - | BU18: =IF(BS18<>"",IF(AND(BS18>='TABEL KONVERSI'!$B$3,'ENTRY DATA'!BS18<='TABEL KONVERSI'!$C$3),1,IF(AND(BS18>='TABEL KONVERSI'!$B$4,'ENTRY DATA'!BS18<='TABEL KONVERSI'!$C$4),2,IF(AND(BS18>='TABEL KONVERSI'!$B$5,'ENTRY DATA'!BS18<='TABEL KONVERSI'!$C$5),3,IF(AND(BS18>='TABEL KONVERSI'!$B$6,'ENTRY DATA'!BS18<='TABEL KONVERSI'!$C$6),4,"")))),"-") -> - | BV18: =IF(BR18<>"",BR18,"-") -> - | BW18: =VLOOKUP(BT18,'TABEL KONVERSI'!$A$3:$D$7,4) -> - | BX18: =IF(BS18<>"",BS18,"-") -> - | BY18: =VLOOKUP(BU18,'TABEL KONVERSI'!$A$3:$D$7,4) -> - | CD18: =IF(BZ18<>"",ROUND(BZ18,0),"") | CE18: =IF(CA18<>"",ROUND(CA18,0),"") | CF18: =IF(CD18<>"",IF(AND(CD18>='TABEL KONVERSI'!$B$3,'ENTRY DATA'!CD18<='TABEL KONVERSI'!$C$3),1,IF(AND(CD18>='TABEL KONVERSI'!$B$4,'ENTRY DATA'!CD18<='TABEL KONVERSI'!$C$4),2,IF(AND(CD18>='TABEL KONVERSI'!$B$5,'ENTRY DATA'!CD18<='TABEL KONVERSI'!$C$5),3,IF(AND(CD18>='TABEL KONVERSI'!$B$6,'ENTRY DATA'!CD18<='TABEL KONVERSI'!$C$6),4,"")))),"-") -> - | CG18: =IF(CE18<>"",IF(AND(CE18>='TABEL KONVERSI'!$B$3,'ENTRY DATA'!CE18<='TABEL KONVERSI'!$C$3),1,IF(AND(CE18>='TABEL KONVERSI'!$B$4,'ENTRY DATA'!CE18<='TABEL KONVERSI'!$C$4),2,IF(AND(CE18>='TABEL KONVERSI'!$B$5,'ENTRY DATA'!CE18<='TABEL KONVERSI'!$C$5),3,IF(AND(CE18>='TABEL KONVERSI'!$B$6,'ENTRY DATA'!CE18<='TABEL KONVERSI'!$C$6),4,"")))),"-") -> - | CH18: =IF(CD18<>"",CD18,"-") -> - | CI18: =VLOOKUP(CF18,'TABEL KONVERSI'!$A$3:$D$7,4) -> - | CJ18: =IF(CE18<>"",CE18,"-") -> - | CK18: =VLOOKUP(CG18,'TABEL KONVERSI'!$A$3:$D$7,4) -> - | CP18: =IF(CL18<>"",ROUND(CL18,0),"") | CQ18: =IF(CM18<>"",ROUND(CM18,0),"") | CR18: =IF(CP18<>"",IF(AND(CP18>='TABEL KONVERSI'!$B$3,'ENTRY DATA'!CP18<='TABEL KONVERSI'!$C$3),1,IF(AND(CP18>='TABEL KONVERSI'!$B$4,'ENTRY DATA'!CP18<='TABEL KONVERSI'!$C$4),2,IF(AND(CP18>='TABEL KONVERSI'!$B$5,'ENTRY DATA'!CP18<='TABEL KONVERSI'!$C$5),3,IF(AND(CP18>='TABEL KONVERSI'!$B$6,'ENTRY DATA'!CP18<='TABEL KONVERSI'!$C$6),4,"")))),"-") -> - | CS18: =IF(CQ18<>"",IF(AND(CQ18>='TABEL KONVERSI'!$B$3,'ENTRY DATA'!CQ18<='TABEL KONVERSI'!$C$3),1,IF(AND(CQ18>='TABEL KONVERSI'!$B$4,'ENTRY DATA'!CQ18<='TABEL KONVERSI'!$C$4),2,IF(AND(CQ18>='TABEL KONVERSI'!$B$5,'ENTRY DATA'!CQ18<='TABEL KONVERSI'!$C$5),3,IF(AND(CQ18>='TABEL KONVERSI'!$B$6,'ENTRY DATA'!CQ18<='TABEL KONVERSI'!$C$6),4,"")))),"-") -> - | CT18: =IF(CP18<>"",CP18,"-") -> - | CU18: =VLOOKUP(CR18,'TABEL KONVERSI'!$A$3:$D$7,4) -> - | CV18: =IF(CQ18<>"",CQ18,"-") -> - | CW18: =VLOOKUP(CS18,'TABEL KONVERSI'!$A$3:$D$7,4) -> - | DB18: =IF(CX18<>"",ROUND(CX18,0),"") | DC18: =IF(CY18<>"",ROUND(CY18,0),"") | DD18: =IF(DB18<>"",IF(AND(DB18>='TABEL KONVERSI'!$B$3,'ENTRY DATA'!DB18<='TABEL KONVERSI'!$C$3),1,IF(AND(DB18>='TABEL KONVERSI'!$B$4,'ENTRY DATA'!DB18<='TABEL KONVERSI'!$C$4),2,IF(AND(DB18>='TABEL KONVERSI'!$B$5,'ENTRY DATA'!DB18<='TABEL KONVERSI'!$C$5),3,IF(AND(DB18>='TABEL KONVERSI'!$B$6,'ENTRY DATA'!DB18<='TABEL KONVERSI'!$C$6),4,"")))),"-") -> - | DE18: =IF(DC18<>"",IF(AND(DC18>='TABEL KONVERSI'!$B$3,'ENTRY DATA'!DC18<='TABEL KONVERSI'!$C$3),1,IF(AND(DC18>='TABEL KONVERSI'!$B$4,'ENTRY DATA'!DC18<='TABEL KONVERSI'!$C$4),2,IF(AND(DC18>='TABEL KONVERSI'!$B$5,'ENTRY DATA'!DC18<='TABEL KONVERSI'!$C$5),3,IF(AND(DC18>='TABEL KONVERSI'!$B$6,'ENTRY DATA'!DC18<='TABEL KONVERSI'!$C$6),4,"")))),"-") -> - | DF18: =IF(DB18<>"",DB18,"-") -> - | DG18: =VLOOKUP(DD18,'TABEL KONVERSI'!$A$3:$D$7,4) -> - | DH18: =IF(DC18<>"",DC18,"-") -> - | DI18: =VLOOKUP(DE18,'TABEL KONVERSI'!$A$3:$D$7,4) -> - | DN18: =IF(DJ18<>"",ROUND(DJ18,0),"") | DO18: =IF(DK18<>"",ROUND(DK18,0),"") | DP18: =IF(DN18<>"",IF(AND(DN18>='TABEL KONVERSI'!$B$3,'ENTRY DATA'!DN18<='TABEL KONVERSI'!$C$3),1,IF(AND(DN18>='TABEL KONVERSI'!$B$4,'ENTRY DATA'!DN18<='TABEL KONVERSI'!$C$4),2,IF(AND(DN18>='TABEL KONVERSI'!$B$5,'ENTRY DATA'!DN18<='TABEL KONVERSI'!$C$5),3,IF(AND(DN18>='TABEL KONVERSI'!$B$6,'ENTRY DATA'!DN18<='TABEL KONVERSI'!$C$6),4,"")))),"-") -> - | DQ18: =IF(DO18<>"",IF(AND(DO18>='TABEL KONVERSI'!$B$3,'ENTRY DATA'!DO18<='TABEL KONVERSI'!$C$3),1,IF(AND(DO18>='TABEL KONVERSI'!$B$4,'ENTRY DATA'!DO18<='TABEL KONVERSI'!$C$4),2,IF(AND(DO18>='TABEL KONVERSI'!$B$5,'ENTRY DATA'!DO18<='TABEL KONVERSI'!$C$5),3,IF(AND(DO18>='TABEL KONVERSI'!$B$6,'ENTRY DATA'!DO18<='TABEL KONVERSI'!$C$6),4,"")))),"-") -> - | DR18: =IF(DN18<>"",DN18,"-") -> - | DS18: =VLOOKUP(DP18,'TABEL KONVERSI'!$A$3:$D$7,4) -> - | DT18: =IF(DO18<>"",DO18,"-") -> - | DU18: =VLOOKUP(DQ18,'TABEL KONVERSI'!$A$3:$D$7,4) -> - | DZ18: =IF(DV18<>"",ROUND(DV18,0),"") | EA18: =IF(DW18<>"",ROUND(DW18,0),"") | EB18: =IF(DZ18<>"",IF(AND(DZ18>='TABEL KONVERSI'!$B$3,'ENTRY DATA'!DZ18<='TABEL KONVERSI'!$C$3),1,IF(AND(DZ18>='TABEL KONVERSI'!$B$4,'ENTRY DATA'!DZ18<='TABEL KONVERSI'!$C$4),2,IF(AND(DZ18>='TABEL KONVERSI'!$B$5,'ENTRY DATA'!DZ18<='TABEL KONVERSI'!$C$5),3,IF(AND(DZ18>='TABEL KONVERSI'!$B$6,'ENTRY DATA'!DZ18<='TABEL KONVERSI'!$C$6),4,"")))),"-") -> - | EC18: =IF(EA18<>"",IF(AND(EA18>='TABEL KONVERSI'!$B$3,'ENTRY DATA'!EA18<='TABEL KONVERSI'!$C$3),1,IF(AND(EA18>='TABEL KONVERSI'!$B$4,'ENTRY DATA'!EA18<='TABEL KONVERSI'!$C$4),2,IF(AND(EA18>='TABEL KONVERSI'!$B$5,'ENTRY DATA'!EA18<='TABEL KONVERSI'!$C$5),3,IF(AND(EA18>='TABEL KONVERSI'!$B$6,'ENTRY DATA'!EA18<='TABEL KONVERSI'!$C$6),4,"")))),"-") -> - | ED18: =IF(DZ18<>"",DZ18,"-") -> - | EE18: =VLOOKUP(EB18,'TABEL KONVERSI'!$A$3:$D$7,4) -> - | EF18: =IF(EA18<>"",EA18,"-") -> - | EG18: =VLOOKUP(EC18,'TABEL KONVERSI'!$A$3:$D$7,4) -> - | EL18: =IF(EH18<>"",ROUND(EH18,0),"") | EM18: =IF(EI18<>"",ROUND(EI18,0),"") | EN18: =IF(EL18<>"",IF(AND(EL18>='TABEL KONVERSI'!$B$3,'ENTRY DATA'!EL18<='TABEL KONVERSI'!$C$3),1,IF(AND(EL18>='TABEL KONVERSI'!$B$4,'ENTRY DATA'!EL18<='TABEL KONVERSI'!$C$4),2,IF(AND(EL18>='TABEL KONVERSI'!$B$5,'ENTRY DATA'!EL18<='TABEL KONVERSI'!$C$5),3,IF(AND(EL18>='TABEL KONVERSI'!$B$6,'ENTRY DATA'!EL18<='TABEL KONVERSI'!$C$6),4,"")))),"-") -> - | EO18: =IF(EM18<>"",IF(AND(EM18>='TABEL KONVERSI'!$B$3,'ENTRY DATA'!EM18<='TABEL KONVERSI'!$C$3),1,IF(AND(EM18>='TABEL KONVERSI'!$B$4,'ENTRY DATA'!EM18<='TABEL KONVERSI'!$C$4),2,IF(AND(EM18>='TABEL KONVERSI'!$B$5,'ENTRY DATA'!EM18<='TABEL KONVERSI'!$C$5),3,IF(AND(EM18>='TABEL KONVERSI'!$B$6,'ENTRY DATA'!EM18<='TABEL KONVERSI'!$C$6),4,"")))),"-") -> - | EP18: =IF(EL18<>"",EL18,"-") -> - | EQ18: =VLOOKUP(EN18,'TABEL KONVERSI'!$A$3:$D$7,4) -> - | ER18: =IF(EM18<>"",EM18,"-") -> - | ES18: =VLOOKUP(EO18,'TABEL KONVERSI'!$A$3:$D$7,4) -> - | EX18: =IF(ET18<>"",ROUND(ET18,0),"") | EY18: =IF(EU18<>"",ROUND(EU18,0),"") | EZ18: =IF(EX18<>"",IF(AND(EX18>='TABEL KONVERSI'!$B$3,'ENTRY DATA'!EX18<='TABEL KONVERSI'!$C$3),1,IF(AND(EX18>='TABEL KONVERSI'!$B$4,'ENTRY DATA'!EX18<='TABEL KONVERSI'!$C$4),2,IF(AND(EX18>='TABEL KONVERSI'!$B$5,'ENTRY DATA'!EX18<='TABEL KONVERSI'!$C$5),3,IF(AND(EX18>='TABEL KONVERSI'!$B$6,'ENTRY DATA'!EX18<='TABEL KONVERSI'!$C$6),4,"")))),"-") -> - | FA18: =IF(EY18<>"",IF(AND(EY18>='TABEL KONVERSI'!$B$3,'ENTRY DATA'!EY18<='TABEL KONVERSI'!$C$3),1,IF(AND(EY18>='TABEL KONVERSI'!$B$4,'ENTRY DATA'!EY18<='TABEL KONVERSI'!$C$4),2,IF(AND(EY18>='TABEL KONVERSI'!$B$5,'ENTRY DATA'!EY18<='TABEL KONVERSI'!$C$5),3,IF(AND(EY18>='TABEL KONVERSI'!$B$6,'ENTRY DATA'!EY18<='TABEL KONVERSI'!$C$6),4,"")))),"-") -> - | FB18: =IF(EX18<>"",EX18,"-") -> - | FC18: =VLOOKUP(EZ18,'TABEL KONVERSI'!$A$3:$D$7,4) -> - | FD18: =IF(EY18<>"",EY18,"-") -> - | FE18: =VLOOKUP(FA18,'TABEL KONVERSI'!$A$3:$D$7,4) -> - | FJ18: =IF(FF18<>"",ROUND(FF18,0),"") | FK18: =IF(FG18<>"",ROUND(FG18,0),"") | FL18: =IF(FJ18<>"",IF(AND(FJ18>='TABEL KONVERSI'!$B$3,'ENTRY DATA'!FJ18<='TABEL KONVERSI'!$C$3),1,IF(AND(FJ18>='TABEL KONVERSI'!$B$4,'ENTRY DATA'!FJ18<='TABEL KONVERSI'!$C$4),2,IF(AND(FJ18>='TABEL KONVERSI'!$B$5,'ENTRY DATA'!FJ18<='TABEL KONVERSI'!$C$5),3,IF(AND(FJ18>='TABEL KONVERSI'!$B$6,'ENTRY DATA'!FJ18<='TABEL KONVERSI'!$C$6),4,"")))),"-") -> - | FM18: =IF(FK18<>"",IF(AND(FK18>='TABEL KONVERSI'!$B$3,'ENTRY DATA'!FK18<='TABEL KONVERSI'!$C$3),1,IF(AND(FK18>='TABEL KONVERSI'!$B$4,'ENTRY DATA'!FK18<='TABEL KONVERSI'!$C$4),2,IF(AND(FK18>='TABEL KONVERSI'!$B$5,'ENTRY DATA'!FK18<='TABEL KONVERSI'!$C$5),3,IF(AND(FK18>='TABEL KONVERSI'!$B$6,'ENTRY DATA'!FK18<='TABEL KONVERSI'!$C$6),4,"")))),"-") -> - | FN18: =IF(FJ18<>"",FJ18,"-") -> - | FO18: =VLOOKUP(FL18,'TABEL KONVERSI'!$A$3:$D$7,4) -> - | FP18: =IF(FK18<>"",FK18,"-") -> - | FQ18: =VLOOKUP(FM18,'TABEL KONVERSI'!$A$3:$D$7,4) -> - | FV18: =IF(FR18<>"",ROUND(FR18,0),"") | FW18: =IF(FS18<>"",ROUND(FS18,0),"") | FX18: =IF(FV18<>"",IF(AND(FV18>='TABEL KONVERSI'!$B$3,'ENTRY DATA'!FV18<='TABEL KONVERSI'!$C$3),1,IF(AND(FV18>='TABEL KONVERSI'!$B$4,'ENTRY DATA'!FV18<='TABEL KONVERSI'!$C$4),2,IF(AND(FV18>='TABEL KONVERSI'!$B$5,'ENTRY DATA'!FV18<='TABEL KONVERSI'!$C$5),3,IF(AND(FV18>='TABEL KONVERSI'!$B$6,'ENTRY DATA'!FV18<='TABEL KONVERSI'!$C$6),4,"")))),"-") -> - | FY18: =IF(FW18<>"",IF(AND(FW18>='TABEL KONVERSI'!$B$3,'ENTRY DATA'!FW18<='TABEL KONVERSI'!$C$3),1,IF(AND(FW18>='TABEL KONVERSI'!$B$4,'ENTRY DATA'!FW18<='TABEL KONVERSI'!$C$4),2,IF(AND(FW18>='TABEL KONVERSI'!$B$5,'ENTRY DATA'!FW18<='TABEL KONVERSI'!$C$5),3,IF(AND(FW18>='TABEL KONVERSI'!$B$6,'ENTRY DATA'!FW18<='TABEL KONVERSI'!$C$6),4,"")))),"-") -> - | FZ18: =IF(FV18<>"",FV18,"-") -> - | GA18: =VLOOKUP(FX18,'TABEL KONVERSI'!$A$3:$D$7,4) -> - | GB18: =IF(FW18<>"",FW18,"-") -> - | GC18: =VLOOKUP(FY18,'TABEL KONVERSI'!$A$3:$D$7,4) -> - | GH18: =IF(GD18<>"",ROUND(GD18,0),"") | GI18: =IF(GE18<>"",ROUND(GE18,0),"") | GJ18: =IF(GH18<>"",IF(AND(GH18>='TABEL KONVERSI'!$B$3,'ENTRY DATA'!GH18<='TABEL KONVERSI'!$C$3),1,IF(AND(GH18>='TABEL KONVERSI'!$B$4,'ENTRY DATA'!GH18<='TABEL KONVERSI'!$C$4),2,IF(AND(GH18>='TABEL KONVERSI'!$B$5,'ENTRY DATA'!GH18<='TABEL KONVERSI'!$C$5),3,IF(AND(GH18>='TABEL KONVERSI'!$B$6,'ENTRY DATA'!GH18<='TABEL KONVERSI'!$C$6),4,"")))),"-") -> - | GK18: =IF(GI18<>"",IF(AND(GI18>='TABEL KONVERSI'!$B$3,'ENTRY DATA'!GI18<='TABEL KONVERSI'!$C$3),1,IF(AND(GI18>='TABEL KONVERSI'!$B$4,'ENTRY DATA'!GI18<='TABEL KONVERSI'!$C$4),2,IF(AND(GI18>='TABEL KONVERSI'!$B$5,'ENTRY DATA'!GI18<='TABEL KONVERSI'!$C$5),3,IF(AND(GI18>='TABEL KONVERSI'!$B$6,'ENTRY DATA'!GI18<='TABEL KONVERSI'!$C$6),4,"")))),"-") -> - | GL18: =IF(GH18<>"",GH18,"-") -> - | GM18: =VLOOKUP(GJ18,'TABEL KONVERSI'!$A$3:$D$7,4) -> - | GN18: =IF(GI18<>"",GI18,"-") -> - | GO18: =VLOOKUP(GK18,'TABEL KONVERSI'!$A$3:$D$7,4) -> - | GP18: =H18 -> 0 | GQ18: =T18 -> 0 | GR18: =AF18 -> 0 | GS18: =AR18 -> 0 | GT18: =BD18 -> 0 | GU18: =BP18 -> 0 | GV18: =CB18 -> 0 | GW18: =CN18 -> 0 | GX18: =CZ18 -> 0 | GY18: =DL18 -> 0 | GZ18: =DX18 -> 0 | HA18: =EJ18 -> 0 | HB18: =EV18 -> 0 | HC18: =FH18 -> 0 | HD18: =FT18 -> 0 | HE18: =GF18 -> 0 | HF18: =COUNTIF($GP18:$HE18,"=A") -> 0 | HG18: =COUNTIF($GP18:$HE18,"=B") -> 0 | HH18: =COUNTIF($GP18:$HE18,"=C") -> 0 | HI18: =COUNTIF($GP18:$HE18,"=D") -> 0 | HJ18: =IF(AND(HF18=0,HG18=0,HH18=0,HI18=0),"-",IF(MAX(HF18:HI18)=HF18,"A",IF(MAX(HF18:HI18)=HG18,"B",IF(MAX(HF18:HI18)=HH18,"C",IF(MAX(HF18:HI18)=HI18,"D","-"))))) -> - | HK18: =VLOOKUP(HJ18,'TABEL KONVERSI'!$B$11:$D$15,2,0) -> - | HL18: =I18 -> 0 | HM18: =U18 -> 0 | HN18: =AG18 -> 0 | HO18: =AS18 -> 0 | HP18: =BE18 -> 0 | HQ18: =BQ18 -> 0 | HR18: =CC18 -> 0 | HS18: =CO18 -> 0 | HT18: =DA18 -> 0 | HU18: =DM18 -> 0 | HV18: =DY18 -> 0 | HW18: =EK18 -> 0 | HX18: =EW18 -> 0 | HY18: =FI18 -> 0 | HZ18: =FU18 -> 0 | IA18: =GG18 -> 0 | IB18: =COUNTIF($HL18:$IA18,"=A") -> 0 | IC18: =COUNTIF($HL18:$IA18,"=B") -> 0 | ID18: =COUNTIF($HL18:$IA18,"=C") -> 0 | IE18: =COUNTIF($HL18:$IA18,"=D") -> 0 | IF18: =IF(AND(IB18=0,IC18=0,ID18=0,IE18=0),"-",IF(MAX(IB18:IE18)=IB18,"A",IF(MAX(IB18:IE18)=IC18,"B",IF(MAX(IB18:IE18)=ID18,"C",IF(MAX(IB18:IE18)=IE18,"D","-"))))) -> - | IG18: =VLOOKUP(IF18,'TABEL KONVERSI'!$B$11:$D$15,3,0) -> - | IH18: Pramuka | II18: B | IJ18: =IF(II18<>"",VLOOKUP(II18,'TABEL KONVERSI'!$A$19:$B$23,2,0),"") -> Aktif dalam mengikuti kegiatan | IK18: - | IL18: - | IM18: =IF(IL18<>"",VLOOKUP(IL18,'TABEL KONVERSI'!$A$19:$B$23,2,0),"") -> - | IN18: - | IO18: - | IP18: =IF(IO18<>"",VLOOKUP(IO18,'TABEL KONVERSI'!$A$19:$B$23,2,0),"") -> - | IQ18: - | IR18: - | IS18: =IF(IR18<>"",VLOOKUP(IR18,'TABEL KONVERSI'!$A$19:$B$23,2,0),"") -> - | IT18: - | IU18: - | IV18: =IF(IU18<>"",VLOOKUP(IU18,'TABEL KONVERSI'!$A$19:$B$23,2,0),"") -> - | IW18: - | IX18: - | IY18: - | IZ18: - | JA18: =SUM(N18,P18,Z18,AB18,AL18,AN18,AX18,AZ18,BJ18,BL18,BV18,BX18,CH18,CJ18,CT18,CV18,DF18,DH18,DR18,DT18,ED18,EF18,EP18,ER18,FB18,FD18,FN18,FP18,FZ18,GB18,GL18,GN18) -> 0 | JB18: =RANK(JA18,$JA$13:$JA$62,0) -> 1
A19: 7 | J19: =IF(F19<>"",ROUND(F19,0),"") | K19: =IF(G19<>"",ROUND(G19,0),"") | L19: =IF(J19<>"",IF(AND(J19>='TABEL KONVERSI'!$B$3,'ENTRY DATA'!J19<='TABEL KONVERSI'!$C$3),1,IF(AND(J19>='TABEL KONVERSI'!$B$4,'ENTRY DATA'!J19<='TABEL KONVERSI'!$C$4),2,IF(AND(J19>='TABEL KONVERSI'!$B$5,'ENTRY DATA'!J19<='TABEL KONVERSI'!$C$5),3,IF(AND(J19>='TABEL KONVERSI'!$B$6,'ENTRY DATA'!J19<='TABEL KONVERSI'!$C$6),4,"")))),"-") -> - | M19: =IF(K19<>"",IF(AND(K19>='TABEL KONVERSI'!$B$3,'ENTRY DATA'!K19<='TABEL KONVERSI'!$C$3),1,IF(AND(K19>='TABEL KONVERSI'!$B$4,'ENTRY DATA'!K19<='TABEL KONVERSI'!$C$4),2,IF(AND(K19>='TABEL KONVERSI'!$B$5,'ENTRY DATA'!K19<='TABEL KONVERSI'!$C$5),3,IF(AND(K19>='TABEL KONVERSI'!$B$6,'ENTRY DATA'!K19<='TABEL KONVERSI'!$C$6),4,"")))),"-") -> - | N19: =IF(J19<>"",J19,"-") -> - | O19: =VLOOKUP(L19,'TABEL KONVERSI'!$A$3:$D$7,4) -> - | P19: =IF(K19<>"",K19,"-") -> - | Q19: =VLOOKUP(M19,'TABEL KONVERSI'!$A$3:$D$7,4) -> - | V19: =IF(R19<>"",ROUND(R19,0),"") | W19: =IF(S19<>"",ROUND(S19,0),"") | X19: =IF(V19<>"",IF(AND(V19>='TABEL KONVERSI'!$B$3,'ENTRY DATA'!V19<='TABEL KONVERSI'!$C$3),1,IF(AND(V19>='TABEL KONVERSI'!$B$4,'ENTRY DATA'!V19<='TABEL KONVERSI'!$C$4),2,IF(AND(V19>='TABEL KONVERSI'!$B$5,'ENTRY DATA'!V19<='TABEL KONVERSI'!$C$5),3,IF(AND(V19>='TABEL KONVERSI'!$B$6,'ENTRY DATA'!V19<='TABEL KONVERSI'!$C$6),4,"")))),"-") -> - | Y19: =IF(W19<>"",IF(AND(W19>='TABEL KONVERSI'!$B$3,'ENTRY DATA'!W19<='TABEL KONVERSI'!$C$3),1,IF(AND(W19>='TABEL KONVERSI'!$B$4,'ENTRY DATA'!W19<='TABEL KONVERSI'!$C$4),2,IF(AND(W19>='TABEL KONVERSI'!$B$5,'ENTRY DATA'!W19<='TABEL KONVERSI'!$C$5),3,IF(AND(W19>='TABEL KONVERSI'!$B$6,'ENTRY DATA'!W19<='TABEL KONVERSI'!$C$6),4,"")))),"-") -> - | Z19: =IF(V19<>"",V19,"-") -> - | AA19: =VLOOKUP(X19,'TABEL KONVERSI'!$A$3:$D$7,4) -> - | AB19: =IF(W19<>"",W19,"-") -> - | AC19: =VLOOKUP(Y19,'TABEL KONVERSI'!$A$3:$D$7,4) -> - | AH19: =IF(AD19<>"",ROUND(AD19,0),"") | AI19: =IF(AE19<>"",ROUND(AE19,0),"") | AJ19: =IF(AH19<>"",IF(AND(AH19>='TABEL KONVERSI'!$B$3,'ENTRY DATA'!AH19<='TABEL KONVERSI'!$C$3),1,IF(AND(AH19>='TABEL KONVERSI'!$B$4,'ENTRY DATA'!AH19<='TABEL KONVERSI'!$C$4),2,IF(AND(AH19>='TABEL KONVERSI'!$B$5,'ENTRY DATA'!AH19<='TABEL KONVERSI'!$C$5),3,IF(AND(AH19>='TABEL KONVERSI'!$B$6,'ENTRY DATA'!AH19<='TABEL KONVERSI'!$C$6),4,"")))),"-") -> - | AK19: =IF(AI19<>"",IF(AND(AI19>='TABEL KONVERSI'!$B$3,'ENTRY DATA'!AI19<='TABEL KONVERSI'!$C$3),1,IF(AND(AI19>='TABEL KONVERSI'!$B$4,'ENTRY DATA'!AI19<='TABEL KONVERSI'!$C$4),2,IF(AND(AI19>='TABEL KONVERSI'!$B$5,'ENTRY DATA'!AI19<='TABEL KONVERSI'!$C$5),3,IF(AND(AI19>='TABEL KONVERSI'!$B$6,'ENTRY DATA'!AI19<='TABEL KONVERSI'!$C$6),4,"")))),"-") -> - | AL19: =IF(AH19<>"",AH19,"-") -> - | AM19: =VLOOKUP(AJ19,'TABEL KONVERSI'!$A$3:$D$7,4) -> - | AN19: =IF(AI19<>"",AI19,"-") -> - | AO19: =VLOOKUP(AK19,'TABEL KONVERSI'!$A$3:$D$7,4) -> - | AT19: =IF(AP19<>"",ROUND(AP19,0),"") | AU19: =IF(AQ19<>"",ROUND(AQ19,0),"") | AV19: =IF(AT19<>"",IF(AND(AT19>='TABEL KONVERSI'!$B$3,'ENTRY DATA'!AT19<='TABEL KONVERSI'!$C$3),1,IF(AND(AT19>='TABEL KONVERSI'!$B$4,'ENTRY DATA'!AT19<='TABEL KONVERSI'!$C$4),2,IF(AND(AT19>='TABEL KONVERSI'!$B$5,'ENTRY DATA'!AT19<='TABEL KONVERSI'!$C$5),3,IF(AND(AT19>='TABEL KONVERSI'!$B$6,'ENTRY DATA'!AT19<='TABEL KONVERSI'!$C$6),4,"")))),"-") -> - | AW19: =IF(AU19<>"",IF(AND(AU19>='TABEL KONVERSI'!$B$3,'ENTRY DATA'!AU19<='TABEL KONVERSI'!$C$3),1,IF(AND(AU19>='TABEL KONVERSI'!$B$4,'ENTRY DATA'!AU19<='TABEL KONVERSI'!$C$4),2,IF(AND(AU19>='TABEL KONVERSI'!$B$5,'ENTRY DATA'!AU19<='TABEL KONVERSI'!$C$5),3,IF(AND(AU19>='TABEL KONVERSI'!$B$6,'ENTRY DATA'!AU19<='TABEL KONVERSI'!$C$6),4,"")))),"-") -> - | AX19: =IF(AT19<>"",AT19,"-") -> - | AY19: =VLOOKUP(AV19,'TABEL KONVERSI'!$A$3:$D$7,4) -> - | AZ19: =IF(AU19<>"",AU19,"-") -> - | BA19: =VLOOKUP(AW19,'TABEL KONVERSI'!$A$3:$D$7,4) -> - | BF19: =IF(BB19<>"",ROUND(BB19,0),"") | BG19: =IF(BC19<>"",ROUND(BC19,0),"") | BH19: =IF(BF19<>"",IF(AND(BF19>='TABEL KONVERSI'!$B$3,'ENTRY DATA'!BF19<='TABEL KONVERSI'!$C$3),1,IF(AND(BF19>='TABEL KONVERSI'!$B$4,'ENTRY DATA'!BF19<='TABEL KONVERSI'!$C$4),2,IF(AND(BF19>='TABEL KONVERSI'!$B$5,'ENTRY DATA'!BF19<='TABEL KONVERSI'!$C$5),3,IF(AND(BF19>='TABEL KONVERSI'!$B$6,'ENTRY DATA'!BF19<='TABEL KONVERSI'!$C$6),4,"")))),"-") -> - | BI19: =IF(BG19<>"",IF(AND(BG19>='TABEL KONVERSI'!$B$3,'ENTRY DATA'!BG19<='TABEL KONVERSI'!$C$3),1,IF(AND(BG19>='TABEL KONVERSI'!$B$4,'ENTRY DATA'!BG19<='TABEL KONVERSI'!$C$4),2,IF(AND(BG19>='TABEL KONVERSI'!$B$5,'ENTRY DATA'!BG19<='TABEL KONVERSI'!$C$5),3,IF(AND(BG19>='TABEL KONVERSI'!$B$6,'ENTRY DATA'!BG19<='TABEL KONVERSI'!$C$6),4,"")))),"-") -> - | BJ19: =IF(BF19<>"",BF19,"-") -> - | BK19: =VLOOKUP(BH19,'TABEL KONVERSI'!$A$3:$D$7,4) -> - | BL19: =IF(BG19<>"",BG19,"-") -> - | BM19: =VLOOKUP(BI19,'TABEL KONVERSI'!$A$3:$D$7,4) -> - | BR19: =IF(BN19<>"",ROUND(BN19,0),"") | BS19: =IF(BO19<>"",ROUND(BO19,0),"") | BT19: =IF(BR19<>"",IF(AND(BR19>='TABEL KONVERSI'!$B$3,'ENTRY DATA'!BR19<='TABEL KONVERSI'!$C$3),1,IF(AND(BR19>='TABEL KONVERSI'!$B$4,'ENTRY DATA'!BR19<='TABEL KONVERSI'!$C$4),2,IF(AND(BR19>='TABEL KONVERSI'!$B$5,'ENTRY DATA'!BR19<='TABEL KONVERSI'!$C$5),3,IF(AND(BR19>='TABEL KONVERSI'!$B$6,'ENTRY DATA'!BR19<='TABEL KONVERSI'!$C$6),4,"")))),"-") -> - | BU19: =IF(BS19<>"",IF(AND(BS19>='TABEL KONVERSI'!$B$3,'ENTRY DATA'!BS19<='TABEL KONVERSI'!$C$3),1,IF(AND(BS19>='TABEL KONVERSI'!$B$4,'ENTRY DATA'!BS19<='TABEL KONVERSI'!$C$4),2,IF(AND(BS19>='TABEL KONVERSI'!$B$5,'ENTRY DATA'!BS19<='TABEL KONVERSI'!$C$5),3,IF(AND(BS19>='TABEL KONVERSI'!$B$6,'ENTRY DATA'!BS19<='TABEL KONVERSI'!$C$6),4,"")))),"-") -> - | BV19: =IF(BR19<>"",BR19,"-") -> - | BW19: =VLOOKUP(BT19,'TABEL KONVERSI'!$A$3:$D$7,4) -> - | BX19: =IF(BS19<>"",BS19,"-") -> - | BY19: =VLOOKUP(BU19,'TABEL KONVERSI'!$A$3:$D$7,4) -> - | CD19: =IF(BZ19<>"",ROUND(BZ19,0),"") | CE19: =IF(CA19<>"",ROUND(CA19,0),"") | CF19: =IF(CD19<>"",IF(AND(CD19>='TABEL KONVERSI'!$B$3,'ENTRY DATA'!CD19<='TABEL KONVERSI'!$C$3),1,IF(AND(CD19>='TABEL KONVERSI'!$B$4,'ENTRY DATA'!CD19<='TABEL KONVERSI'!$C$4),2,IF(AND(CD19>='TABEL KONVERSI'!$B$5,'ENTRY DATA'!CD19<='TABEL KONVERSI'!$C$5),3,IF(AND(CD19>='TABEL KONVERSI'!$B$6,'ENTRY DATA'!CD19<='TABEL KONVERSI'!$C$6),4,"")))),"-") -> - | CG19: =IF(CE19<>"",IF(AND(CE19>='TABEL KONVERSI'!$B$3,'ENTRY DATA'!CE19<='TABEL KONVERSI'!$C$3),1,IF(AND(CE19>='TABEL KONVERSI'!$B$4,'ENTRY DATA'!CE19<='TABEL KONVERSI'!$C$4),2,IF(AND(CE19>='TABEL KONVERSI'!$B$5,'ENTRY DATA'!CE19<='TABEL KONVERSI'!$C$5),3,IF(AND(CE19>='TABEL KONVERSI'!$B$6,'ENTRY DATA'!CE19<='TABEL KONVERSI'!$C$6),4,"")))),"-") -> - | CH19: =IF(CD19<>"",CD19,"-") -> - | CI19: =VLOOKUP(CF19,'TABEL KONVERSI'!$A$3:$D$7,4) -> - | CJ19: =IF(CE19<>"",CE19,"-") -> - | CK19: =VLOOKUP(CG19,'TABEL KONVERSI'!$A$3:$D$7,4) -> - | CP19: =IF(CL19<>"",ROUND(CL19,0),"") | CQ19: =IF(CM19<>"",ROUND(CM19,0),"") | CR19: =IF(CP19<>"",IF(AND(CP19>='TABEL KONVERSI'!$B$3,'ENTRY DATA'!CP19<='TABEL KONVERSI'!$C$3),1,IF(AND(CP19>='TABEL KONVERSI'!$B$4,'ENTRY DATA'!CP19<='TABEL KONVERSI'!$C$4),2,IF(AND(CP19>='TABEL KONVERSI'!$B$5,'ENTRY DATA'!CP19<='TABEL KONVERSI'!$C$5),3,IF(AND(CP19>='TABEL KONVERSI'!$B$6,'ENTRY DATA'!CP19<='TABEL KONVERSI'!$C$6),4,"")))),"-") -> - | CS19: =IF(CQ19<>"",IF(AND(CQ19>='TABEL KONVERSI'!$B$3,'ENTRY DATA'!CQ19<='TABEL KONVERSI'!$C$3),1,IF(AND(CQ19>='TABEL KONVERSI'!$B$4,'ENTRY DATA'!CQ19<='TABEL KONVERSI'!$C$4),2,IF(AND(CQ19>='TABEL KONVERSI'!$B$5,'ENTRY DATA'!CQ19<='TABEL KONVERSI'!$C$5),3,IF(AND(CQ19>='TABEL KONVERSI'!$B$6,'ENTRY DATA'!CQ19<='TABEL KONVERSI'!$C$6),4,"")))),"-") -> - | CT19: =IF(CP19<>"",CP19,"-") -> - | CU19: =VLOOKUP(CR19,'TABEL KONVERSI'!$A$3:$D$7,4) -> - | CV19: =IF(CQ19<>"",CQ19,"-") -> - | CW19: =VLOOKUP(CS19,'TABEL KONVERSI'!$A$3:$D$7,4) -> - | DB19: =IF(CX19<>"",ROUND(CX19,0),"") | DC19: =IF(CY19<>"",ROUND(CY19,0),"") | DD19: =IF(DB19<>"",IF(AND(DB19>='TABEL KONVERSI'!$B$3,'ENTRY DATA'!DB19<='TABEL KONVERSI'!$C$3),1,IF(AND(DB19>='TABEL KONVERSI'!$B$4,'ENTRY DATA'!DB19<='TABEL KONVERSI'!$C$4),2,IF(AND(DB19>='TABEL KONVERSI'!$B$5,'ENTRY DATA'!DB19<='TABEL KONVERSI'!$C$5),3,IF(AND(DB19>='TABEL KONVERSI'!$B$6,'ENTRY DATA'!DB19<='TABEL KONVERSI'!$C$6),4,"")))),"-") -> - | DE19: =IF(DC19<>"",IF(AND(DC19>='TABEL KONVERSI'!$B$3,'ENTRY DATA'!DC19<='TABEL KONVERSI'!$C$3),1,IF(AND(DC19>='TABEL KONVERSI'!$B$4,'ENTRY DATA'!DC19<='TABEL KONVERSI'!$C$4),2,IF(AND(DC19>='TABEL KONVERSI'!$B$5,'ENTRY DATA'!DC19<='TABEL KONVERSI'!$C$5),3,IF(AND(DC19>='TABEL KONVERSI'!$B$6,'ENTRY DATA'!DC19<='TABEL KONVERSI'!$C$6),4,"")))),"-") -> - | DF19: =IF(DB19<>"",DB19,"-") -> - | DG19: =VLOOKUP(DD19,'TABEL KONVERSI'!$A$3:$D$7,4) -> - | DH19: =IF(DC19<>"",DC19,"-") -> - | DI19: =VLOOKUP(DE19,'TABEL KONVERSI'!$A$3:$D$7,4) -> - | DN19: =IF(DJ19<>"",ROUND(DJ19,0),"") | DO19: =IF(DK19<>"",ROUND(DK19,0),"") | DP19: =IF(DN19<>"",IF(AND(DN19>='TABEL KONVERSI'!$B$3,'ENTRY DATA'!DN19<='TABEL KONVERSI'!$C$3),1,IF(AND(DN19>='TABEL KONVERSI'!$B$4,'ENTRY DATA'!DN19<='TABEL KONVERSI'!$C$4),2,IF(AND(DN19>='TABEL KONVERSI'!$B$5,'ENTRY DATA'!DN19<='TABEL KONVERSI'!$C$5),3,IF(AND(DN19>='TABEL KONVERSI'!$B$6,'ENTRY DATA'!DN19<='TABEL KONVERSI'!$C$6),4,"")))),"-") -> - | DQ19: =IF(DO19<>"",IF(AND(DO19>='TABEL KONVERSI'!$B$3,'ENTRY DATA'!DO19<='TABEL KONVERSI'!$C$3),1,IF(AND(DO19>='TABEL KONVERSI'!$B$4,'ENTRY DATA'!DO19<='TABEL KONVERSI'!$C$4),2,IF(AND(DO19>='TABEL KONVERSI'!$B$5,'ENTRY DATA'!DO19<='TABEL KONVERSI'!$C$5),3,IF(AND(DO19>='TABEL KONVERSI'!$B$6,'ENTRY DATA'!DO19<='TABEL KONVERSI'!$C$6),4,"")))),"-") -> - | DR19: =IF(DN19<>"",DN19,"-") -> - | DS19: =VLOOKUP(DP19,'TABEL KONVERSI'!$A$3:$D$7,4) -> - | DT19: =IF(DO19<>"",DO19,"-") -> - | DU19: =VLOOKUP(DQ19,'TABEL KONVERSI'!$A$3:$D$7,4) -> - | DZ19: =IF(DV19<>"",ROUND(DV19,0),"") | EA19: =IF(DW19<>"",ROUND(DW19,0),"") | EB19: =IF(DZ19<>"",IF(AND(DZ19>='TABEL KONVERSI'!$B$3,'ENTRY DATA'!DZ19<='TABEL KONVERSI'!$C$3),1,IF(AND(DZ19>='TABEL KONVERSI'!$B$4,'ENTRY DATA'!DZ19<='TABEL KONVERSI'!$C$4),2,IF(AND(DZ19>='TABEL KONVERSI'!$B$5,'ENTRY DATA'!DZ19<='TABEL KONVERSI'!$C$5),3,IF(AND(DZ19>='TABEL KONVERSI'!$B$6,'ENTRY DATA'!DZ19<='TABEL KONVERSI'!$C$6),4,"")))),"-") -> - | EC19: =IF(EA19<>"",IF(AND(EA19>='TABEL KONVERSI'!$B$3,'ENTRY DATA'!EA19<='TABEL KONVERSI'!$C$3),1,IF(AND(EA19>='TABEL KONVERSI'!$B$4,'ENTRY DATA'!EA19<='TABEL KONVERSI'!$C$4),2,IF(AND(EA19>='TABEL KONVERSI'!$B$5,'ENTRY DATA'!EA19<='TABEL KONVERSI'!$C$5),3,IF(AND(EA19>='TABEL KONVERSI'!$B$6,'ENTRY DATA'!EA19<='TABEL KONVERSI'!$C$6),4,"")))),"-") -> - | ED19: =IF(DZ19<>"",DZ19,"-") -> - | EE19: =VLOOKUP(EB19,'TABEL KONVERSI'!$A$3:$D$7,4) -> - | EF19: =IF(EA19<>"",EA19,"-") -> - | EG19: =VLOOKUP(EC19,'TABEL KONVERSI'!$A$3:$D$7,4) -> - | EL19: =IF(EH19<>"",ROUND(EH19,0),"") | EM19: =IF(EI19<>"",ROUND(EI19,0),"") | EN19: =IF(EL19<>"",IF(AND(EL19>='TABEL KONVERSI'!$B$3,'ENTRY DATA'!EL19<='TABEL KONVERSI'!$C$3),1,IF(AND(EL19>='TABEL KONVERSI'!$B$4,'ENTRY DATA'!EL19<='TABEL KONVERSI'!$C$4),2,IF(AND(EL19>='TABEL KONVERSI'!$B$5,'ENTRY DATA'!EL19<='TABEL KONVERSI'!$C$5),3,IF(AND(EL19>='TABEL KONVERSI'!$B$6,'ENTRY DATA'!EL19<='TABEL KONVERSI'!$C$6),4,"")))),"-") -> - | EO19: =IF(EM19<>"",IF(AND(EM19>='TABEL KONVERSI'!$B$3,'ENTRY DATA'!EM19<='TABEL KONVERSI'!$C$3),1,IF(AND(EM19>='TABEL KONVERSI'!$B$4,'ENTRY DATA'!EM19<='TABEL KONVERSI'!$C$4),2,IF(AND(EM19>='TABEL KONVERSI'!$B$5,'ENTRY DATA'!EM19<='TABEL KONVERSI'!$C$5),3,IF(AND(EM19>='TABEL KONVERSI'!$B$6,'ENTRY DATA'!EM19<='TABEL KONVERSI'!$C$6),4,"")))),"-") -> - | EP19: =IF(EL19<>"",EL19,"-") -> - | EQ19: =VLOOKUP(EN19,'TABEL KONVERSI'!$A$3:$D$7,4) -> - | ER19: =IF(EM19<>"",EM19,"-") -> - | ES19: =VLOOKUP(EO19,'TABEL KONVERSI'!$A$3:$D$7,4) -> - | EX19: =IF(ET19<>"",ROUND(ET19,0),"") | EY19: =IF(EU19<>"",ROUND(EU19,0),"") | EZ19: =IF(EX19<>"",IF(AND(EX19>='TABEL KONVERSI'!$B$3,'ENTRY DATA'!EX19<='TABEL KONVERSI'!$C$3),1,IF(AND(EX19>='TABEL KONVERSI'!$B$4,'ENTRY DATA'!EX19<='TABEL KONVERSI'!$C$4),2,IF(AND(EX19>='TABEL KONVERSI'!$B$5,'ENTRY DATA'!EX19<='TABEL KONVERSI'!$C$5),3,IF(AND(EX19>='TABEL KONVERSI'!$B$6,'ENTRY DATA'!EX19<='TABEL KONVERSI'!$C$6),4,"")))),"-") -> - | FA19: =IF(EY19<>"",IF(AND(EY19>='TABEL KONVERSI'!$B$3,'ENTRY DATA'!EY19<='TABEL KONVERSI'!$C$3),1,IF(AND(EY19>='TABEL KONVERSI'!$B$4,'ENTRY DATA'!EY19<='TABEL KONVERSI'!$C$4),2,IF(AND(EY19>='TABEL KONVERSI'!$B$5,'ENTRY DATA'!EY19<='TABEL KONVERSI'!$C$5),3,IF(AND(EY19>='TABEL KONVERSI'!$B$6,'ENTRY DATA'!EY19<='TABEL KONVERSI'!$C$6),4,"")))),"-") -> - | FB19: =IF(EX19<>"",EX19,"-") -> - | FC19: =VLOOKUP(EZ19,'TABEL KONVERSI'!$A$3:$D$7,4) -> - | FD19: =IF(EY19<>"",EY19,"-") -> - | FE19: =VLOOKUP(FA19,'TABEL KONVERSI'!$A$3:$D$7,4) -> - | FJ19: =IF(FF19<>"",ROUND(FF19,0),"") | FK19: =IF(FG19<>"",ROUND(FG19,0),"") | FL19: =IF(FJ19<>"",IF(AND(FJ19>='TABEL KONVERSI'!$B$3,'ENTRY DATA'!FJ19<='TABEL KONVERSI'!$C$3),1,IF(AND(FJ19>='TABEL KONVERSI'!$B$4,'ENTRY DATA'!FJ19<='TABEL KONVERSI'!$C$4),2,IF(AND(FJ19>='TABEL KONVERSI'!$B$5,'ENTRY DATA'!FJ19<='TABEL KONVERSI'!$C$5),3,IF(AND(FJ19>='TABEL KONVERSI'!$B$6,'ENTRY DATA'!FJ19<='TABEL KONVERSI'!$C$6),4,"")))),"-") -> - | FM19: =IF(FK19<>"",IF(AND(FK19>='TABEL KONVERSI'!$B$3,'ENTRY DATA'!FK19<='TABEL KONVERSI'!$C$3),1,IF(AND(FK19>='TABEL KONVERSI'!$B$4,'ENTRY DATA'!FK19<='TABEL KONVERSI'!$C$4),2,IF(AND(FK19>='TABEL KONVERSI'!$B$5,'ENTRY DATA'!FK19<='TABEL KONVERSI'!$C$5),3,IF(AND(FK19>='TABEL KONVERSI'!$B$6,'ENTRY DATA'!FK19<='TABEL KONVERSI'!$C$6),4,"")))),"-") -> - | FN19: =IF(FJ19<>"",FJ19,"-") -> - | FO19: =VLOOKUP(FL19,'TABEL KONVERSI'!$A$3:$D$7,4) -> - | FP19: =IF(FK19<>"",FK19,"-") -> - | FQ19: =VLOOKUP(FM19,'TABEL KONVERSI'!$A$3:$D$7,4) -> - | FV19: =IF(FR19<>"",ROUND(FR19,0),"") | FW19: =IF(FS19<>"",ROUND(FS19,0),"") | FX19: =IF(FV19<>"",IF(AND(FV19>='TABEL KONVERSI'!$B$3,'ENTRY DATA'!FV19<='TABEL KONVERSI'!$C$3),1,IF(AND(FV19>='TABEL KONVERSI'!$B$4,'ENTRY DATA'!FV19<='TABEL KONVERSI'!$C$4),2,IF(AND(FV19>='TABEL KONVERSI'!$B$5,'ENTRY DATA'!FV19<='TABEL KONVERSI'!$C$5),3,IF(AND(FV19>='TABEL KONVERSI'!$B$6,'ENTRY DATA'!FV19<='TABEL KONVERSI'!$C$6),4,"")))),"-") -> - | FY19: =IF(FW19<>"",IF(AND(FW19>='TABEL KONVERSI'!$B$3,'ENTRY DATA'!FW19<='TABEL KONVERSI'!$C$3),1,IF(AND(FW19>='TABEL KONVERSI'!$B$4,'ENTRY DATA'!FW19<='TABEL KONVERSI'!$C$4),2,IF(AND(FW19>='TABEL KONVERSI'!$B$5,'ENTRY DATA'!FW19<='TABEL KONVERSI'!$C$5),3,IF(AND(FW19>='TABEL KONVERSI'!$B$6,'ENTRY DATA'!FW19<='TABEL KONVERSI'!$C$6),4,"")))),"-") -> - | FZ19: =IF(FV19<>"",FV19,"-") -> - | GA19: =VLOOKUP(FX19,'TABEL KONVERSI'!$A$3:$D$7,4) -> - | GB19: =IF(FW19<>"",FW19,"-") -> - | GC19: =VLOOKUP(FY19,'TABEL KONVERSI'!$A$3:$D$7,4) -> - | GH19: =IF(GD19<>"",ROUND(GD19,0),"") | GI19: =IF(GE19<>"",ROUND(GE19,0),"") | GJ19: =IF(GH19<>"",IF(AND(GH19>='TABEL KONVERSI'!$B$3,'ENTRY DATA'!GH19<='TABEL KONVERSI'!$C$3),1,IF(AND(GH19>='TABEL KONVERSI'!$B$4,'ENTRY DATA'!GH19<='TABEL KONVERSI'!$C$4),2,IF(AND(GH19>='TABEL KONVERSI'!$B$5,'ENTRY DATA'!GH19<='TABEL KONVERSI'!$C$5),3,IF(AND(GH19>='TABEL KONVERSI'!$B$6,'ENTRY DATA'!GH19<='TABEL KONVERSI'!$C$6),4,"")))),"-") -> - | GK19: =IF(GI19<>"",IF(AND(GI19>='TABEL KONVERSI'!$B$3,'ENTRY DATA'!GI19<='TABEL KONVERSI'!$C$3),1,IF(AND(GI19>='TABEL KONVERSI'!$B$4,'ENTRY DATA'!GI19<='TABEL KONVERSI'!$C$4),2,IF(AND(GI19>='TABEL KONVERSI'!$B$5,'ENTRY DATA'!GI19<='TABEL KONVERSI'!$C$5),3,IF(AND(GI19>='TABEL KONVERSI'!$B$6,'ENTRY DATA'!GI19<='TABEL KONVERSI'!$C$6),4,"")))),"-") -> - | GL19: =IF(GH19<>"",GH19,"-") -> - | GM19: =VLOOKUP(GJ19,'TABEL KONVERSI'!$A$3:$D$7,4) -> - | GN19: =IF(GI19<>"",GI19,"-") -> - | GO19: =VLOOKUP(GK19,'TABEL KONVERSI'!$A$3:$D$7,4) -> - | GP19: =H19 -> 0 | GQ19: =T19 -> 0 | GR19: =AF19 -> 0 | GS19: =AR19 -> 0 | GT19: =BD19 -> 0 | GU19: =BP19 -> 0 | GV19: =CB19 -> 0 | GW19: =CN19 -> 0 | GX19: =CZ19 -> 0 | GY19: =DL19 -> 0 | GZ19: =DX19 -> 0 | HA19: =EJ19 -> 0 | HB19: =EV19 -> 0 | HC19: =FH19 -> 0 | HD19: =FT19 -> 0 | HE19: =GF19 -> 0 | HF19: =COUNTIF($GP19:$HE19,"=A") -> 0 | HG19: =COUNTIF($GP19:$HE19,"=B") -> 0 | HH19: =COUNTIF($GP19:$HE19,"=C") -> 0 | HI19: =COUNTIF($GP19:$HE19,"=D") -> 0 | HJ19: =IF(AND(HF19=0,HG19=0,HH19=0,HI19=0),"-",IF(MAX(HF19:HI19)=HF19,"A",IF(MAX(HF19:HI19)=HG19,"B",IF(MAX(HF19:HI19)=HH19,"C",IF(MAX(HF19:HI19)=HI19,"D","-"))))) -> - | HK19: =VLOOKUP(HJ19,'TABEL KONVERSI'!$B$11:$D$15,2,0) -> - | HL19: =I19 -> 0 | HM19: =U19 -> 0 | HN19: =AG19 -> 0 | HO19: =AS19 -> 0 | HP19: =BE19 -> 0 | HQ19: =BQ19 -> 0 | HR19: =CC19 -> 0 | HS19: =CO19 -> 0 | HT19: =DA19 -> 0 | HU19: =DM19 -> 0 | HV19: =DY19 -> 0 | HW19: =EK19 -> 0 | HX19: =EW19 -> 0 | HY19: =FI19 -> 0 | HZ19: =FU19 -> 0 | IA19: =GG19 -> 0 | IB19: =COUNTIF($HL19:$IA19,"=A") -> 0 | IC19: =COUNTIF($HL19:$IA19,"=B") -> 0 | ID19: =COUNTIF($HL19:$IA19,"=C") -> 0 | IE19: =COUNTIF($HL19:$IA19,"=D") -> 0 | IF19: =IF(AND(IB19=0,IC19=0,ID19=0,IE19=0),"-",IF(MAX(IB19:IE19)=IB19,"A",IF(MAX(IB19:IE19)=IC19,"B",IF(MAX(IB19:IE19)=ID19,"C",IF(MAX(IB19:IE19)=IE19,"D","-"))))) -> - | IG19: =VLOOKUP(IF19,'TABEL KONVERSI'!$B$11:$D$15,3,0) -> - | IH19: Pramuka | II19: B | IJ19: =IF(II19<>"",VLOOKUP(II19,'TABEL KONVERSI'!$A$19:$B$23,2,0),"") -> Aktif dalam mengikuti kegiatan | IK19: - | IL19: - | IM19: =IF(IL19<>"",VLOOKUP(IL19,'TABEL KONVERSI'!$A$19:$B$23,2,0),"") -> - | IN19: - | IO19: - | IP19: =IF(IO19<>"",VLOOKUP(IO19,'TABEL KONVERSI'!$A$19:$B$23,2,0),"") -> - | IQ19: - | IR19: - | IS19: =IF(IR19<>"",VLOOKUP(IR19,'TABEL KONVERSI'!$A$19:$B$23,2,0),"") -> - | IT19: - | IU19: - | IV19: =IF(IU19<>"",VLOOKUP(IU19,'TABEL KONVERSI'!$A$19:$B$23,2,0),"") -> - | IW19: - | IX19: - | IY19: - | IZ19: - | JA19: =SUM(N19,P19,Z19,AB19,AL19,AN19,AX19,AZ19,BJ19,BL19,BV19,BX19,CH19,CJ19,CT19,CV19,DF19,DH19,DR19,DT19,ED19,EF19,EP19,ER19,FB19,FD19,FN19,FP19,FZ19,GB19,GL19,GN19) -> 0 | JB19: =RANK(JA19,$JA$13:$JA$62,0) -> 1
A20: 8 | J20: =IF(F20<>"",ROUND(F20,0),"") | K20: =IF(G20<>"",ROUND(G20,0),"") | L20: =IF(J20<>"",IF(AND(J20>='TABEL KONVERSI'!$B$3,'ENTRY DATA'!J20<='TABEL KONVERSI'!$C$3),1,IF(AND(J20>='TABEL KONVERSI'!$B$4,'ENTRY DATA'!J20<='TABEL KONVERSI'!$C$4),2,IF(AND(J20>='TABEL KONVERSI'!$B$5,'ENTRY DATA'!J20<='TABEL KONVERSI'!$C$5),3,IF(AND(J20>='TABEL KONVERSI'!$B$6,'ENTRY DATA'!J20<='TABEL KONVERSI'!$C$6),4,"")))),"-") -> - | M20: =IF(K20<>"",IF(AND(K20>='TABEL KONVERSI'!$B$3,'ENTRY DATA'!K20<='TABEL KONVERSI'!$C$3),1,IF(AND(K20>='TABEL KONVERSI'!$B$4,'ENTRY DATA'!K20<='TABEL KONVERSI'!$C$4),2,IF(AND(K20>='TABEL KONVERSI'!$B$5,'ENTRY DATA'!K20<='TABEL KONVERSI'!$C$5),3,IF(AND(K20>='TABEL KONVERSI'!$B$6,'ENTRY DATA'!K20<='TABEL KONVERSI'!$C$6),4,"")))),"-") -> - | N20: =IF(J20<>"",J20,"-") -> - | O20: =VLOOKUP(L20,'TABEL KONVERSI'!$A$3:$D$7,4) -> - | P20: =IF(K20<>"",K20,"-") -> - | Q20: =VLOOKUP(M20,'TABEL KONVERSI'!$A$3:$D$7,4) -> - | V20: =IF(R20<>"",ROUND(R20,0),"") | W20: =IF(S20<>"",ROUND(S20,0),"") | X20: =IF(V20<>"",IF(AND(V20>='TABEL KONVERSI'!$B$3,'ENTRY DATA'!V20<='TABEL KONVERSI'!$C$3),1,IF(AND(V20>='TABEL KONVERSI'!$B$4,'ENTRY DATA'!V20<='TABEL KONVERSI'!$C$4),2,IF(AND(V20>='TABEL KONVERSI'!$B$5,'ENTRY DATA'!V20<='TABEL KONVERSI'!$C$5),3,IF(AND(V20>='TABEL KONVERSI'!$B$6,'ENTRY DATA'!V20<='TABEL KONVERSI'!$C$6),4,"")))),"-") -> - | Y20: =IF(W20<>"",IF(AND(W20>='TABEL KONVERSI'!$B$3,'ENTRY DATA'!W20<='TABEL KONVERSI'!$C$3),1,IF(AND(W20>='TABEL KONVERSI'!$B$4,'ENTRY DATA'!W20<='TABEL KONVERSI'!$C$4),2,IF(AND(W20>='TABEL KONVERSI'!$B$5,'ENTRY DATA'!W20<='TABEL KONVERSI'!$C$5),3,IF(AND(W20>='TABEL KONVERSI'!$B$6,'ENTRY DATA'!W20<='TABEL KONVERSI'!$C$6),4,"")))),"-") -> - | Z20: =IF(V20<>"",V20,"-") -> - | AA20: =VLOOKUP(X20,'TABEL KONVERSI'!$A$3:$D$7,4) -> - | AB20: =IF(W20<>"",W20,"-") -> - | AC20: =VLOOKUP(Y20,'TABEL KONVERSI'!$A$3:$D$7,4) -> - | AH20: =IF(AD20<>"",ROUND(AD20,0),"") | AI20: =IF(AE20<>"",ROUND(AE20,0),"") | AJ20: =IF(AH20<>"",IF(AND(AH20>='TABEL KONVERSI'!$B$3,'ENTRY DATA'!AH20<='TABEL KONVERSI'!$C$3),1,IF(AND(AH20>='TABEL KONVERSI'!$B$4,'ENTRY DATA'!AH20<='TABEL KONVERSI'!$C$4),2,IF(AND(AH20>='TABEL KONVERSI'!$B$5,'ENTRY DATA'!AH20<='TABEL KONVERSI'!$C$5),3,IF(AND(AH20>='TABEL KONVERSI'!$B$6,'ENTRY DATA'!AH20<='TABEL KONVERSI'!$C$6),4,"")))),"-") -> - | AK20: =IF(AI20<>"",IF(AND(AI20>='TABEL KONVERSI'!$B$3,'ENTRY DATA'!AI20<='TABEL KONVERSI'!$C$3),1,IF(AND(AI20>='TABEL KONVERSI'!$B$4,'ENTRY DATA'!AI20<='TABEL KONVERSI'!$C$4),2,IF(AND(AI20>='TABEL KONVERSI'!$B$5,'ENTRY DATA'!AI20<='TABEL KONVERSI'!$C$5),3,IF(AND(AI20>='TABEL KONVERSI'!$B$6,'ENTRY DATA'!AI20<='TABEL KONVERSI'!$C$6),4,"")))),"-") -> - | AL20: =IF(AH20<>"",AH20,"-") -> - | AM20: =VLOOKUP(AJ20,'TABEL KONVERSI'!$A$3:$D$7,4) -> - | AN20: =IF(AI20<>"",AI20,"-") -> - | AO20: =VLOOKUP(AK20,'TABEL KONVERSI'!$A$3:$D$7,4) -> - | AT20: =IF(AP20<>"",ROUND(AP20,0),"") | AU20: =IF(AQ20<>"",ROUND(AQ20,0),"") | AV20: =IF(AT20<>"",IF(AND(AT20>='TABEL KONVERSI'!$B$3,'ENTRY DATA'!AT20<='TABEL KONVERSI'!$C$3),1,IF(AND(AT20>='TABEL KONVERSI'!$B$4,'ENTRY DATA'!AT20<='TABEL KONVERSI'!$C$4),2,IF(AND(AT20>='TABEL KONVERSI'!$B$5,'ENTRY DATA'!AT20<='TABEL KONVERSI'!$C$5),3,IF(AND(AT20>='TABEL KONVERSI'!$B$6,'ENTRY DATA'!AT20<='TABEL KONVERSI'!$C$6),4,"")))),"-") -> - | AW20: =IF(AU20<>"",IF(AND(AU20>='TABEL KONVERSI'!$B$3,'ENTRY DATA'!AU20<='TABEL KONVERSI'!$C$3),1,IF(AND(AU20>='TABEL KONVERSI'!$B$4,'ENTRY DATA'!AU20<='TABEL KONVERSI'!$C$4),2,IF(AND(AU20>='TABEL KONVERSI'!$B$5,'ENTRY DATA'!AU20<='TABEL KONVERSI'!$C$5),3,IF(AND(AU20>='TABEL KONVERSI'!$B$6,'ENTRY DATA'!AU20<='TABEL KONVERSI'!$C$6),4,"")))),"-") -> - | AX20: =IF(AT20<>"",AT20,"-") -> - | AY20: =VLOOKUP(AV20,'TABEL KONVERSI'!$A$3:$D$7,4) -> - | AZ20: =IF(AU20<>"",AU20,"-") -> - | BA20: =VLOOKUP(AW20,'TABEL KONVERSI'!$A$3:$D$7,4) -> - | BF20: =IF(BB20<>"",ROUND(BB20,0),"") | BG20: =IF(BC20<>"",ROUND(BC20,0),"") | BH20: =IF(BF20<>"",IF(AND(BF20>='TABEL KONVERSI'!$B$3,'ENTRY DATA'!BF20<='TABEL KONVERSI'!$C$3),1,IF(AND(BF20>='TABEL KONVERSI'!$B$4,'ENTRY DATA'!BF20<='TABEL KONVERSI'!$C$4),2,IF(AND(BF20>='TABEL KONVERSI'!$B$5,'ENTRY DATA'!BF20<='TABEL KONVERSI'!$C$5),3,IF(AND(BF20>='TABEL KONVERSI'!$B$6,'ENTRY DATA'!BF20<='TABEL KONVERSI'!$C$6),4,"")))),"-") -> - | BI20: =IF(BG20<>"",IF(AND(BG20>='TABEL KONVERSI'!$B$3,'ENTRY DATA'!BG20<='TABEL KONVERSI'!$C$3),1,IF(AND(BG20>='TABEL KONVERSI'!$B$4,'ENTRY DATA'!BG20<='TABEL KONVERSI'!$C$4),2,IF(AND(BG20>='TABEL KONVERSI'!$B$5,'ENTRY DATA'!BG20<='TABEL KONVERSI'!$C$5),3,IF(AND(BG20>='TABEL KONVERSI'!$B$6,'ENTRY DATA'!BG20<='TABEL KONVERSI'!$C$6),4,"")))),"-") -> - | BJ20: =IF(BF20<>"",BF20,"-") -> - | BK20: =VLOOKUP(BH20,'TABEL KONVERSI'!$A$3:$D$7,4) -> - | BL20: =IF(BG20<>"",BG20,"-") -> - | BM20: =VLOOKUP(BI20,'TABEL KONVERSI'!$A$3:$D$7,4) -> - | BR20: =IF(BN20<>"",ROUND(BN20,0),"") | BS20: =IF(BO20<>"",ROUND(BO20,0),"") | BT20: =IF(BR20<>"",IF(AND(BR20>='TABEL KONVERSI'!$B$3,'ENTRY DATA'!BR20<='TABEL KONVERSI'!$C$3),1,IF(AND(BR20>='TABEL KONVERSI'!$B$4,'ENTRY DATA'!BR20<='TABEL KONVERSI'!$C$4),2,IF(AND(BR20>='TABEL KONVERSI'!$B$5,'ENTRY DATA'!BR20<='TABEL KONVERSI'!$C$5),3,IF(AND(BR20>='TABEL KONVERSI'!$B$6,'ENTRY DATA'!BR20<='TABEL KONVERSI'!$C$6),4,"")))),"-") -> - | BU20: =IF(BS20<>"",IF(AND(BS20>='TABEL KONVERSI'!$B$3,'ENTRY DATA'!BS20<='TABEL KONVERSI'!$C$3),1,IF(AND(BS20>='TABEL KONVERSI'!$B$4,'ENTRY DATA'!BS20<='TABEL KONVERSI'!$C$4),2,IF(AND(BS20>='TABEL KONVERSI'!$B$5,'ENTRY DATA'!BS20<='TABEL KONVERSI'!$C$5),3,IF(AND(BS20>='TABEL KONVERSI'!$B$6,'ENTRY DATA'!BS20<='TABEL KONVERSI'!$C$6),4,"")))),"-") -> - | BV20: =IF(BR20<>"",BR20,"-") -> - | BW20: =VLOOKUP(BT20,'TABEL KONVERSI'!$A$3:$D$7,4) -> - | BX20: =IF(BS20<>"",BS20,"-") -> - | BY20: =VLOOKUP(BU20,'TABEL KONVERSI'!$A$3:$D$7,4) -> - | CD20: =IF(BZ20<>"",ROUND(BZ20,0),"") | CE20: =IF(CA20<>"",ROUND(CA20,0),"") | CF20: =IF(CD20<>"",IF(AND(CD20>='TABEL KONVERSI'!$B$3,'ENTRY DATA'!CD20<='TABEL KONVERSI'!$C$3),1,IF(AND(CD20>='TABEL KONVERSI'!$B$4,'ENTRY DATA'!CD20<='TABEL KONVERSI'!$C$4),2,IF(AND(CD20>='TABEL KONVERSI'!$B$5,'ENTRY DATA'!CD20<='TABEL KONVERSI'!$C$5),3,IF(AND(CD20>='TABEL KONVERSI'!$B$6,'ENTRY DATA'!CD20<='TABEL KONVERSI'!$C$6),4,"")))),"-") -> - | CG20: =IF(CE20<>"",IF(AND(CE20>='TABEL KONVERSI'!$B$3,'ENTRY DATA'!CE20<='TABEL KONVERSI'!$C$3),1,IF(AND(CE20>='TABEL KONVERSI'!$B$4,'ENTRY DATA'!CE20<='TABEL KONVERSI'!$C$4),2,IF(AND(CE20>='TABEL KONVERSI'!$B$5,'ENTRY DATA'!CE20<='TABEL KONVERSI'!$C$5),3,IF(AND(CE20>='TABEL KONVERSI'!$B$6,'ENTRY DATA'!CE20<='TABEL KONVERSI'!$C$6),4,"")))),"-") -> - | CH20: =IF(CD20<>"",CD20,"-") -> - | CI20: =VLOOKUP(CF20,'TABEL KONVERSI'!$A$3:$D$7,4) -> - | CJ20: =IF(CE20<>"",CE20,"-") -> - | CK20: =VLOOKUP(CG20,'TABEL KONVERSI'!$A$3:$D$7,4) -> - | CP20: =IF(CL20<>"",ROUND(CL20,0),"") | CQ20: =IF(CM20<>"",ROUND(CM20,0),"") | CR20: =IF(CP20<>"",IF(AND(CP20>='TABEL KONVERSI'!$B$3,'ENTRY DATA'!CP20<='TABEL KONVERSI'!$C$3),1,IF(AND(CP20>='TABEL KONVERSI'!$B$4,'ENTRY DATA'!CP20<='TABEL KONVERSI'!$C$4),2,IF(AND(CP20>='TABEL KONVERSI'!$B$5,'ENTRY DATA'!CP20<='TABEL KONVERSI'!$C$5),3,IF(AND(CP20>='TABEL KONVERSI'!$B$6,'ENTRY DATA'!CP20<='TABEL KONVERSI'!$C$6),4,"")))),"-") -> - | CS20: =IF(CQ20<>"",IF(AND(CQ20>='TABEL KONVERSI'!$B$3,'ENTRY DATA'!CQ20<='TABEL KONVERSI'!$C$3),1,IF(AND(CQ20>='TABEL KONVERSI'!$B$4,'ENTRY DATA'!CQ20<='TABEL KONVERSI'!$C$4),2,IF(AND(CQ20>='TABEL KONVERSI'!$B$5,'ENTRY DATA'!CQ20<='TABEL KONVERSI'!$C$5),3,IF(AND(CQ20>='TABEL KONVERSI'!$B$6,'ENTRY DATA'!CQ20<='TABEL KONVERSI'!$C$6),4,"")))),"-") -> - | CT20: =IF(CP20<>"",CP20,"-") -> - | CU20: =VLOOKUP(CR20,'TABEL KONVERSI'!$A$3:$D$7,4) -> - | CV20: =IF(CQ20<>"",CQ20,"-") -> - | CW20: =VLOOKUP(CS20,'TABEL KONVERSI'!$A$3:$D$7,4) -> - | DB20: =IF(CX20<>"",ROUND(CX20,0),"") | DC20: =IF(CY20<>"",ROUND(CY20,0),"") | DD20: =IF(DB20<>"",IF(AND(DB20>='TABEL KONVERSI'!$B$3,'ENTRY DATA'!DB20<='TABEL KONVERSI'!$C$3),1,IF(AND(DB20>='TABEL KONVERSI'!$B$4,'ENTRY DATA'!DB20<='TABEL KONVERSI'!$C$4),2,IF(AND(DB20>='TABEL KONVERSI'!$B$5,'ENTRY DATA'!DB20<='TABEL KONVERSI'!$C$5),3,IF(AND(DB20>='TABEL KONVERSI'!$B$6,'ENTRY DATA'!DB20<='TABEL KONVERSI'!$C$6),4,"")))),"-") -> - | DE20: =IF(DC20<>"",IF(AND(DC20>='TABEL KONVERSI'!$B$3,'ENTRY DATA'!DC20<='TABEL KONVERSI'!$C$3),1,IF(AND(DC20>='TABEL KONVERSI'!$B$4,'ENTRY DATA'!DC20<='TABEL KONVERSI'!$C$4),2,IF(AND(DC20>='TABEL KONVERSI'!$B$5,'ENTRY DATA'!DC20<='TABEL KONVERSI'!$C$5),3,IF(AND(DC20>='TABEL KONVERSI'!$B$6,'ENTRY DATA'!DC20<='TABEL KONVERSI'!$C$6),4,"")))),"-") -> - | DF20: =IF(DB20<>"",DB20,"-") -> - | DG20: =VLOOKUP(DD20,'TABEL KONVERSI'!$A$3:$D$7,4) -> - | DH20: =IF(DC20<>"",DC20,"-") -> - | DI20: =VLOOKUP(DE20,'TABEL KONVERSI'!$A$3:$D$7,4) -> - | DN20: =IF(DJ20<>"",ROUND(DJ20,0),"") | DO20: =IF(DK20<>"",ROUND(DK20,0),"") | DP20: =IF(DN20<>"",IF(AND(DN20>='TABEL KONVERSI'!$B$3,'ENTRY DATA'!DN20<='TABEL KONVERSI'!$C$3),1,IF(AND(DN20>='TABEL KONVERSI'!$B$4,'ENTRY DATA'!DN20<='TABEL KONVERSI'!$C$4),2,IF(AND(DN20>='TABEL KONVERSI'!$B$5,'ENTRY DATA'!DN20<='TABEL KONVERSI'!$C$5),3,IF(AND(DN20>='TABEL KONVERSI'!$B$6,'ENTRY DATA'!DN20<='TABEL KONVERSI'!$C$6),4,"")))),"-") -> - | DQ20: =IF(DO20<>"",IF(AND(DO20>='TABEL KONVERSI'!$B$3,'ENTRY DATA'!DO20<='TABEL KONVERSI'!$C$3),1,IF(AND(DO20>='TABEL KONVERSI'!$B$4,'ENTRY DATA'!DO20<='TABEL KONVERSI'!$C$4),2,IF(AND(DO20>='TABEL KONVERSI'!$B$5,'ENTRY DATA'!DO20<='TABEL KONVERSI'!$C$5),3,IF(AND(DO20>='TABEL KONVERSI'!$B$6,'ENTRY DATA'!DO20<='TABEL KONVERSI'!$C$6),4,"")))),"-") -> - | DR20: =IF(DN20<>"",DN20,"-") -> - | DS20: =VLOOKUP(DP20,'TABEL KONVERSI'!$A$3:$D$7,4) -> - | DT20: =IF(DO20<>"",DO20,"-") -> - | DU20: =VLOOKUP(DQ20,'TABEL KONVERSI'!$A$3:$D$7,4) -> - | DZ20: =IF(DV20<>"",ROUND(DV20,0),"") | EA20: =IF(DW20<>"",ROUND(DW20,0),"") | EB20: =IF(DZ20<>"",IF(AND(DZ20>='TABEL KONVERSI'!$B$3,'ENTRY DATA'!DZ20<='TABEL KONVERSI'!$C$3),1,IF(AND(DZ20>='TABEL KONVERSI'!$B$4,'ENTRY DATA'!DZ20<='TABEL KONVERSI'!$C$4),2,IF(AND(DZ20>='TABEL KONVERSI'!$B$5,'ENTRY DATA'!DZ20<='TABEL KONVERSI'!$C$5),3,IF(AND(DZ20>='TABEL KONVERSI'!$B$6,'ENTRY DATA'!DZ20<='TABEL KONVERSI'!$C$6),4,"")))),"-") -> - | EC20: =IF(EA20<>"",IF(AND(EA20>='TABEL KONVERSI'!$B$3,'ENTRY DATA'!EA20<='TABEL KONVERSI'!$C$3),1,IF(AND(EA20>='TABEL KONVERSI'!$B$4,'ENTRY DATA'!EA20<='TABEL KONVERSI'!$C$4),2,IF(AND(EA20>='TABEL KONVERSI'!$B$5,'ENTRY DATA'!EA20<='TABEL KONVERSI'!$C$5),3,IF(AND(EA20>='TABEL KONVERSI'!$B$6,'ENTRY DATA'!EA20<='TABEL KONVERSI'!$C$6),4,"")))),"-") -> - | ED20: =IF(DZ20<>"",DZ20,"-") -> - | EE20: =VLOOKUP(EB20,'TABEL KONVERSI'!$A$3:$D$7,4) -> - | EF20: =IF(EA20<>"",EA20,"-") -> - | EG20: =VLOOKUP(EC20,'TABEL KONVERSI'!$A$3:$D$7,4) -> - | EL20: =IF(EH20<>"",ROUND(EH20,0),"") | EM20: =IF(EI20<>"",ROUND(EI20,0),"") | EN20: =IF(EL20<>"",IF(AND(EL20>='TABEL KONVERSI'!$B$3,'ENTRY DATA'!EL20<='TABEL KONVERSI'!$C$3),1,IF(AND(EL20>='TABEL KONVERSI'!$B$4,'ENTRY DATA'!EL20<='TABEL KONVERSI'!$C$4),2,IF(AND(EL20>='TABEL KONVERSI'!$B$5,'ENTRY DATA'!EL20<='TABEL KONVERSI'!$C$5),3,IF(AND(EL20>='TABEL KONVERSI'!$B$6,'ENTRY DATA'!EL20<='TABEL KONVERSI'!$C$6),4,"")))),"-") -> - | EO20: =IF(EM20<>"",IF(AND(EM20>='TABEL KONVERSI'!$B$3,'ENTRY DATA'!EM20<='TABEL KONVERSI'!$C$3),1,IF(AND(EM20>='TABEL KONVERSI'!$B$4,'ENTRY DATA'!EM20<='TABEL KONVERSI'!$C$4),2,IF(AND(EM20>='TABEL KONVERSI'!$B$5,'ENTRY DATA'!EM20<='TABEL KONVERSI'!$C$5),3,IF(AND(EM20>='TABEL KONVERSI'!$B$6,'ENTRY DATA'!EM20<='TABEL KONVERSI'!$C$6),4,"")))),"-") -> - | EP20: =IF(EL20<>"",EL20,"-") -> - | EQ20: =VLOOKUP(EN20,'TABEL KONVERSI'!$A$3:$D$7,4) -> - | ER20: =IF(EM20<>"",EM20,"-") -> - | ES20: =VLOOKUP(EO20,'TABEL KONVERSI'!$A$3:$D$7,4) -> - | EX20: =IF(ET20<>"",ROUND(ET20,0),"") | EY20: =IF(EU20<>"",ROUND(EU20,0),"") | EZ20: =IF(EX20<>"",IF(AND(EX20>='TABEL KONVERSI'!$B$3,'ENTRY DATA'!EX20<='TABEL KONVERSI'!$C$3),1,IF(AND(EX20>='TABEL KONVERSI'!$B$4,'ENTRY DATA'!EX20<='TABEL KONVERSI'!$C$4),2,IF(AND(EX20>='TABEL KONVERSI'!$B$5,'ENTRY DATA'!EX20<='TABEL KONVERSI'!$C$5),3,IF(AND(EX20>='TABEL KONVERSI'!$B$6,'ENTRY DATA'!EX20<='TABEL KONVERSI'!$C$6),4,"")))),"-") -> - | FA20: =IF(EY20<>"",IF(AND(EY20>='TABEL KONVERSI'!$B$3,'ENTRY DATA'!EY20<='TABEL KONVERSI'!$C$3),1,IF(AND(EY20>='TABEL KONVERSI'!$B$4,'ENTRY DATA'!EY20<='TABEL KONVERSI'!$C$4),2,IF(AND(EY20>='TABEL KONVERSI'!$B$5,'ENTRY DATA'!EY20<='TABEL KONVERSI'!$C$5),3,IF(AND(EY20>='TABEL KONVERSI'!$B$6,'ENTRY DATA'!EY20<='TABEL KONVERSI'!$C$6),4,"")))),"-") -> - | FB20: =IF(EX20<>"",EX20,"-") -> - | FC20: =VLOOKUP(EZ20,'TABEL KONVERSI'!$A$3:$D$7,4) -> - | FD20: =IF(EY20<>"",EY20,"-") -> - | FE20: =VLOOKUP(FA20,'TABEL KONVERSI'!$A$3:$D$7,4) -> - | FJ20: =IF(FF20<>"",ROUND(FF20,0),"") | FK20: =IF(FG20<>"",ROUND(FG20,0),"") | FL20: =IF(FJ20<>"",IF(AND(FJ20>='TABEL KONVERSI'!$B$3,'ENTRY DATA'!FJ20<='TABEL KONVERSI'!$C$3),1,IF(AND(FJ20>='TABEL KONVERSI'!$B$4,'ENTRY DATA'!FJ20<='TABEL KONVERSI'!$C$4),2,IF(AND(FJ20>='TABEL KONVERSI'!$B$5,'ENTRY DATA'!FJ20<='TABEL KONVERSI'!$C$5),3,IF(AND(FJ20>='TABEL KONVERSI'!$B$6,'ENTRY DATA'!FJ20<='TABEL KONVERSI'!$C$6),4,"")))),"-") -> - | FM20: =IF(FK20<>"",IF(AND(FK20>='TABEL KONVERSI'!$B$3,'ENTRY DATA'!FK20<='TABEL KONVERSI'!$C$3),1,IF(AND(FK20>='TABEL KONVERSI'!$B$4,'ENTRY DATA'!FK20<='TABEL KONVERSI'!$C$4),2,IF(AND(FK20>='TABEL KONVERSI'!$B$5,'ENTRY DATA'!FK20<='TABEL KONVERSI'!$C$5),3,IF(AND(FK20>='TABEL KONVERSI'!$B$6,'ENTRY DATA'!FK20<='TABEL KONVERSI'!$C$6),4,"")))),"-") -> - | FN20: =IF(FJ20<>"",FJ20,"-") -> - | FO20: =VLOOKUP(FL20,'TABEL KONVERSI'!$A$3:$D$7,4) -> - | FP20: =IF(FK20<>"",FK20,"-") -> - | FQ20: =VLOOKUP(FM20,'TABEL KONVERSI'!$A$3:$D$7,4) -> - | FV20: =IF(FR20<>"",ROUND(FR20,0),"") | FW20: =IF(FS20<>"",ROUND(FS20,0),"") | FX20: =IF(FV20<>"",IF(AND(FV20>='TABEL KONVERSI'!$B$3,'ENTRY DATA'!FV20<='TABEL KONVERSI'!$C$3),1,IF(AND(FV20>='TABEL KONVERSI'!$B$4,'ENTRY DATA'!FV20<='TABEL KONVERSI'!$C$4),2,IF(AND(FV20>='TABEL KONVERSI'!$B$5,'ENTRY DATA'!FV20<='TABEL KONVERSI'!$C$5),3,IF(AND(FV20>='TABEL KONVERSI'!$B$6,'ENTRY DATA'!FV20<='TABEL KONVERSI'!$C$6),4,"")))),"-") -> - | FY20: =IF(FW20<>"",IF(AND(FW20>='TABEL KONVERSI'!$B$3,'ENTRY DATA'!FW20<='TABEL KONVERSI'!$C$3),1,IF(AND(FW20>='TABEL KONVERSI'!$B$4,'ENTRY DATA'!FW20<='TABEL KONVERSI'!$C$4),2,IF(AND(FW20>='TABEL KONVERSI'!$B$5,'ENTRY DATA'!FW20<='TABEL KONVERSI'!$C$5),3,IF(AND(FW20>='TABEL KONVERSI'!$B$6,'ENTRY DATA'!FW20<='TABEL KONVERSI'!$C$6),4,"")))),"-") -> - | FZ20: =IF(FV20<>"",FV20,"-") -> - | GA20: =VLOOKUP(FX20,'TABEL KONVERSI'!$A$3:$D$7,4) -> - | GB20: =IF(FW20<>"",FW20,"-") -> - | GC20: =VLOOKUP(FY20,'TABEL KONVERSI'!$A$3:$D$7,4) -> - | GH20: =IF(GD20<>"",ROUND(GD20,0),"") | GI20: =IF(GE20<>"",ROUND(GE20,0),"") | GJ20: =IF(GH20<>"",IF(AND(GH20>='TABEL KONVERSI'!$B$3,'ENTRY DATA'!GH20<='TABEL KONVERSI'!$C$3),1,IF(AND(GH20>='TABEL KONVERSI'!$B$4,'ENTRY DATA'!GH20<='TABEL KONVERSI'!$C$4),2,IF(AND(GH20>='TABEL KONVERSI'!$B$5,'ENTRY DATA'!GH20<='TABEL KONVERSI'!$C$5),3,IF(AND(GH20>='TABEL KONVERSI'!$B$6,'ENTRY DATA'!GH20<='TABEL KONVERSI'!$C$6),4,"")))),"-") -> - | GK20: =IF(GI20<>"",IF(AND(GI20>='TABEL KONVERSI'!$B$3,'ENTRY DATA'!GI20<='TABEL KONVERSI'!$C$3),1,IF(AND(GI20>='TABEL KONVERSI'!$B$4,'ENTRY DATA'!GI20<='TABEL KONVERSI'!$C$4),2,IF(AND(GI20>='TABEL KONVERSI'!$B$5,'ENTRY DATA'!GI20<='TABEL KONVERSI'!$C$5),3,IF(AND(GI20>='TABEL KONVERSI'!$B$6,'ENTRY DATA'!GI20<='TABEL KONVERSI'!$C$6),4,"")))),"-") -> - | GL20: =IF(GH20<>"",GH20,"-") -> - | GM20: =VLOOKUP(GJ20,'TABEL KONVERSI'!$A$3:$D$7,4) -> - | GN20: =IF(GI20<>"",GI20,"-") -> - | GO20: =VLOOKUP(GK20,'TABEL KONVERSI'!$A$3:$D$7,4) -> - | GP20: =H20 -> 0 | GQ20: =T20 -> 0 | GR20: =AF20 -> 0 | GS20: =AR20 -> 0 | GT20: =BD20 -> 0 | GU20: =BP20 -> 0 | GV20: =CB20 -> 0 | GW20: =CN20 -> 0 | GX20: =CZ20 -> 0 | GY20: =DL20 -> 0 | GZ20: =DX20 -> 0 | HA20: =EJ20 -> 0 | HB20: =EV20 -> 0 | HC20: =FH20 -> 0 | HD20: =FT20 -> 0 | HE20: =GF20 -> 0 | HF20: =COUNTIF($GP20:$HE20,"=A") -> 0 | HG20: =COUNTIF($GP20:$HE20,"=B") -> 0 | HH20: =COUNTIF($GP20:$HE20,"=C") -> 0 | HI20: =COUNTIF($GP20:$HE20,"=D") -> 0 | HJ20: =IF(AND(HF20=0,HG20=0,HH20=0,HI20=0),"-",IF(MAX(HF20:HI20)=HF20,"A",IF(MAX(HF20:HI20)=HG20,"B",IF(MAX(HF20:HI20)=HH20,"C",IF(MAX(HF20:HI20)=HI20,"D","-"))))) -> - | HK20: =VLOOKUP(HJ20,'TABEL KONVERSI'!$B$11:$D$15,2,0) -> - | HL20: =I20 -> 0 | HM20: =U20 -> 0 | HN20: =AG20 -> 0 | HO20: =AS20 -> 0 | HP20: =BE20 -> 0 | HQ20: =BQ20 -> 0 | HR20: =CC20 -> 0 | HS20: =CO20 -> 0 | HT20: =DA20 -> 0 | HU20: =DM20 -> 0 | HV20: =DY20 -> 0 | HW20: =EK20 -> 0 | HX20: =EW20 -> 0 | HY20: =FI20 -> 0 | HZ20: =FU20 -> 0 | IA20: =GG20 -> 0 | IB20: =COUNTIF($HL20:$IA20,"=A") -> 0 | IC20: =COUNTIF($HL20:$IA20,"=B") -> 0 | ID20: =COUNTIF($HL20:$IA20,"=C") -> 0 | IE20: =COUNTIF($HL20:$IA20,"=D") -> 0 | IF20: =IF(AND(IB20=0,IC20=0,ID20=0,IE20=0),"-",IF(MAX(IB20:IE20)=IB20,"A",IF(MAX(IB20:IE20)=IC20,"B",IF(MAX(IB20:IE20)=ID20,"C",IF(MAX(IB20:IE20)=IE20,"D","-"))))) -> - | IG20: =VLOOKUP(IF20,'TABEL KONVERSI'!$B$11:$D$15,3,0) -> - | IH20: Pramuka | II20: B | IJ20: =IF(II20<>"",VLOOKUP(II20,'TABEL KONVERSI'!$A$19:$B$23,2,0),"") -> Aktif dalam mengikuti kegiatan | IK20: - | IL20: - | IM20: =IF(IL20<>"",VLOOKUP(IL20,'TABEL KONVERSI'!$A$19:$B$23,2,0),"") -> - | IN20: - | IO20: - | IP20: =IF(IO20<>"",VLOOKUP(IO20,'TABEL KONVERSI'!$A$19:$B$23,2,0),"") -> - | IQ20: - | IR20: - | IS20: =IF(IR20<>"",VLOOKUP(IR20,'TABEL KONVERSI'!$A$19:$B$23,2,0),"") -> - | IT20: - | IU20: - | IV20: =IF(IU20<>"",VLOOKUP(IU20,'TABEL KONVERSI'!$A$19:$B$23,2,0),"") -> - | IW20: - | IX20: - | IY20: - | IZ20: - | JA20: =SUM(N20,P20,Z20,AB20,AL20,AN20,AX20,AZ20,BJ20,BL20,BV20,BX20,CH20,CJ20,CT20,CV20,DF20,DH20,DR20,DT20,ED20,EF20,EP20,ER20,FB20,FD20,FN20,FP20,FZ20,GB20,GL20,GN20) -> 0 | JB20: =RANK(JA20,$JA$13:$JA$62,0) -> 1
A21: 9 | J21: =IF(F21<>"",ROUND(F21,0),"") | K21: =IF(G21<>"",ROUND(G21,0),"") | L21: =IF(J21<>"",IF(AND(J21>='TABEL KONVERSI'!$B$3,'ENTRY DATA'!J21<='TABEL KONVERSI'!$C$3),1,IF(AND(J21>='TABEL KONVERSI'!$B$4,'ENTRY DATA'!J21<='TABEL KONVERSI'!$C$4),2,IF(AND(J21>='TABEL KONVERSI'!$B$5,'ENTRY DATA'!J21<='TABEL KONVERSI'!$C$5),3,IF(AND(J21>='TABEL KONVERSI'!$B$6,'ENTRY DATA'!J21<='TABEL KONVERSI'!$C$6),4,"")))),"-") -> - | M21: =IF(K21<>"",IF(AND(K21>='TABEL KONVERSI'!$B$3,'ENTRY DATA'!K21<='TABEL KONVERSI'!$C$3),1,IF(AND(K21>='TABEL KONVERSI'!$B$4,'ENTRY DATA'!K21<='TABEL KONVERSI'!$C$4),2,IF(AND(K21>='TABEL KONVERSI'!$B$5,'ENTRY DATA'!K21<='TABEL KONVERSI'!$C$5),3,IF(AND(K21>='TABEL KONVERSI'!$B$6,'ENTRY DATA'!K21<='TABEL KONVERSI'!$C$6),4,"")))),"-") -> - | N21: =IF(J21<>"",J21,"-") -> - | O21: =VLOOKUP(L21,'TABEL KONVERSI'!$A$3:$D$7,4) -> - | P21: =IF(K21<>"",K21,"-") -> - | Q21: =VLOOKUP(M21,'TABEL KONVERSI'!$A$3:$D$7,4) -> - | V21: =IF(R21<>"",ROUND(R21,0),"") | W21: =IF(S21<>"",ROUND(S21,0),"") | X21: =IF(V21<>"",IF(AND(V21>='TABEL KONVERSI'!$B$3,'ENTRY DATA'!V21<='TABEL KONVERSI'!$C$3),1,IF(AND(V21>='TABEL KONVERSI'!$B$4,'ENTRY DATA'!V21<='TABEL KONVERSI'!$C$4),2,IF(AND(V21>='TABEL KONVERSI'!$B$5,'ENTRY DATA'!V21<='TABEL KONVERSI'!$C$5),3,IF(AND(V21>='TABEL KONVERSI'!$B$6,'ENTRY DATA'!V21<='TABEL KONVERSI'!$C$6),4,"")))),"-") -> - | Y21: =IF(W21<>"",IF(AND(W21>='TABEL KONVERSI'!$B$3,'ENTRY DATA'!W21<='TABEL KONVERSI'!$C$3),1,IF(AND(W21>='TABEL KONVERSI'!$B$4,'ENTRY DATA'!W21<='TABEL KONVERSI'!$C$4),2,IF(AND(W21>='TABEL KONVERSI'!$B$5,'ENTRY DATA'!W21<='TABEL KONVERSI'!$C$5),3,IF(AND(W21>='TABEL KONVERSI'!$B$6,'ENTRY DATA'!W21<='TABEL KONVERSI'!$C$6),4,"")))),"-") -> - | Z21: =IF(V21<>"",V21,"-") -> - | AA21: =VLOOKUP(X21,'TABEL KONVERSI'!$A$3:$D$7,4) -> - | AB21: =IF(W21<>"",W21,"-") -> - | AC21: =VLOOKUP(Y21,'TABEL KONVERSI'!$A$3:$D$7,4) -> - | AH21: =IF(AD21<>"",ROUND(AD21,0),"") | AI21: =IF(AE21<>"",ROUND(AE21,0),"") | AJ21: =IF(AH21<>"",IF(AND(AH21>='TABEL KONVERSI'!$B$3,'ENTRY DATA'!AH21<='TABEL KONVERSI'!$C$3),1,IF(AND(AH21>='TABEL KONVERSI'!$B$4,'ENTRY DATA'!AH21<='TABEL KONVERSI'!$C$4),2,IF(AND(AH21>='TABEL KONVERSI'!$B$5,'ENTRY DATA'!AH21<='TABEL KONVERSI'!$C$5),3,IF(AND(AH21>='TABEL KONVERSI'!$B$6,'ENTRY DATA'!AH21<='TABEL KONVERSI'!$C$6),4,"")))),"-") -> - | AK21: =IF(AI21<>"",IF(AND(AI21>='TABEL KONVERSI'!$B$3,'ENTRY DATA'!AI21<='TABEL KONVERSI'!$C$3),1,IF(AND(AI21>='TABEL KONVERSI'!$B$4,'ENTRY DATA'!AI21<='TABEL KONVERSI'!$C$4),2,IF(AND(AI21>='TABEL KONVERSI'!$B$5,'ENTRY DATA'!AI21<='TABEL KONVERSI'!$C$5),3,IF(AND(AI21>='TABEL KONVERSI'!$B$6,'ENTRY DATA'!AI21<='TABEL KONVERSI'!$C$6),4,"")))),"-") -> - | AL21: =IF(AH21<>"",AH21,"-") -> - | AM21: =VLOOKUP(AJ21,'TABEL KONVERSI'!$A$3:$D$7,4) -> - | AN21: =IF(AI21<>"",AI21,"-") -> - | AO21: =VLOOKUP(AK21,'TABEL KONVERSI'!$A$3:$D$7,4) -> - | AT21: =IF(AP21<>"",ROUND(AP21,0),"") | AU21: =IF(AQ21<>"",ROUND(AQ21,0),"") | AV21: =IF(AT21<>"",IF(AND(AT21>='TABEL KONVERSI'!$B$3,'ENTRY DATA'!AT21<='TABEL KONVERSI'!$C$3),1,IF(AND(AT21>='TABEL KONVERSI'!$B$4,'ENTRY DATA'!AT21<='TABEL KONVERSI'!$C$4),2,IF(AND(AT21>='TABEL KONVERSI'!$B$5,'ENTRY DATA'!AT21<='TABEL KONVERSI'!$C$5),3,IF(AND(AT21>='TABEL KONVERSI'!$B$6,'ENTRY DATA'!AT21<='TABEL KONVERSI'!$C$6),4,"")))),"-") -> - | AW21: =IF(AU21<>"",IF(AND(AU21>='TABEL KONVERSI'!$B$3,'ENTRY DATA'!AU21<='TABEL KONVERSI'!$C$3),1,IF(AND(AU21>='TABEL KONVERSI'!$B$4,'ENTRY DATA'!AU21<='TABEL KONVERSI'!$C$4),2,IF(AND(AU21>='TABEL KONVERSI'!$B$5,'ENTRY DATA'!AU21<='TABEL KONVERSI'!$C$5),3,IF(AND(AU21>='TABEL KONVERSI'!$B$6,'ENTRY DATA'!AU21<='TABEL KONVERSI'!$C$6),4,"")))),"-") -> - | AX21: =IF(AT21<>"",AT21,"-") -> - | AY21: =VLOOKUP(AV21,'TABEL KONVERSI'!$A$3:$D$7,4) -> - | AZ21: =IF(AU21<>"",AU21,"-") -> - | BA21: =VLOOKUP(AW21,'TABEL KONVERSI'!$A$3:$D$7,4) -> - | BF21: =IF(BB21<>"",ROUND(BB21,0),"") | BG21: =IF(BC21<>"",ROUND(BC21,0),"") | BH21: =IF(BF21<>"",IF(AND(BF21>='TABEL KONVERSI'!$B$3,'ENTRY DATA'!BF21<='TABEL KONVERSI'!$C$3),1,IF(AND(BF21>='TABEL KONVERSI'!$B$4,'ENTRY DATA'!BF21<='TABEL KONVERSI'!$C$4),2,IF(AND(BF21>='TABEL KONVERSI'!$B$5,'ENTRY DATA'!BF21<='TABEL KONVERSI'!$C$5),3,IF(AND(BF21>='TABEL KONVERSI'!$B$6,'ENTRY DATA'!BF21<='TABEL KONVERSI'!$C$6),4,"")))),"-") -> - | BI21: =IF(BG21<>"",IF(AND(BG21>='TABEL KONVERSI'!$B$3,'ENTRY DATA'!BG21<='TABEL KONVERSI'!$C$3),1,IF(AND(BG21>='TABEL KONVERSI'!$B$4,'ENTRY DATA'!BG21<='TABEL KONVERSI'!$C$4),2,IF(AND(BG21>='TABEL KONVERSI'!$B$5,'ENTRY DATA'!BG21<='TABEL KONVERSI'!$C$5),3,IF(AND(BG21>='TABEL KONVERSI'!$B$6,'ENTRY DATA'!BG21<='TABEL KONVERSI'!$C$6),4,"")))),"-") -> - | BJ21: =IF(BF21<>"",BF21,"-") -> - | BK21: =VLOOKUP(BH21,'TABEL KONVERSI'!$A$3:$D$7,4) -> - | BL21: =IF(BG21<>"",BG21,"-") -> - | BM21: =VLOOKUP(BI21,'TABEL KONVERSI'!$A$3:$D$7,4) -> - | BR21: =IF(BN21<>"",ROUND(BN21,0),"") | BS21: =IF(BO21<>"",ROUND(BO21,0),"") | BT21: =IF(BR21<>"",IF(AND(BR21>='TABEL KONVERSI'!$B$3,'ENTRY DATA'!BR21<='TABEL KONVERSI'!$C$3),1,IF(AND(BR21>='TABEL KONVERSI'!$B$4,'ENTRY DATA'!BR21<='TABEL KONVERSI'!$C$4),2,IF(AND(BR21>='TABEL KONVERSI'!$B$5,'ENTRY DATA'!BR21<='TABEL KONVERSI'!$C$5),3,IF(AND(BR21>='TABEL KONVERSI'!$B$6,'ENTRY DATA'!BR21<='TABEL KONVERSI'!$C$6),4,"")))),"-") -> - | BU21: =IF(BS21<>"",IF(AND(BS21>='TABEL KONVERSI'!$B$3,'ENTRY DATA'!BS21<='TABEL KONVERSI'!$C$3),1,IF(AND(BS21>='TABEL KONVERSI'!$B$4,'ENTRY DATA'!BS21<='TABEL KONVERSI'!$C$4),2,IF(AND(BS21>='TABEL KONVERSI'!$B$5,'ENTRY DATA'!BS21<='TABEL KONVERSI'!$C$5),3,IF(AND(BS21>='TABEL KONVERSI'!$B$6,'ENTRY DATA'!BS21<='TABEL KONVERSI'!$C$6),4,"")))),"-") -> - | BV21: =IF(BR21<>"",BR21,"-") -> - | BW21: =VLOOKUP(BT21,'TABEL KONVERSI'!$A$3:$D$7,4) -> - | BX21: =IF(BS21<>"",BS21,"-") -> - | BY21: =VLOOKUP(BU21,'TABEL KONVERSI'!$A$3:$D$7,4) -> - | CD21: =IF(BZ21<>"",ROUND(BZ21,0),"") | CE21: =IF(CA21<>"",ROUND(CA21,0),"") | CF21: =IF(CD21<>"",IF(AND(CD21>='TABEL KONVERSI'!$B$3,'ENTRY DATA'!CD21<='TABEL KONVERSI'!$C$3),1,IF(AND(CD21>='TABEL KONVERSI'!$B$4,'ENTRY DATA'!CD21<='TABEL KONVERSI'!$C$4),2,IF(AND(CD21>='TABEL KONVERSI'!$B$5,'ENTRY DATA'!CD21<='TABEL KONVERSI'!$C$5),3,IF(AND(CD21>='TABEL KONVERSI'!$B$6,'ENTRY DATA'!CD21<='TABEL KONVERSI'!$C$6),4,"")))),"-") -> - | CG21: =IF(CE21<>"",IF(AND(CE21>='TABEL KONVERSI'!$B$3,'ENTRY DATA'!CE21<='TABEL KONVERSI'!$C$3),1,IF(AND(CE21>='TABEL KONVERSI'!$B$4,'ENTRY DATA'!CE21<='TABEL KONVERSI'!$C$4),2,IF(AND(CE21>='TABEL KONVERSI'!$B$5,'ENTRY DATA'!CE21<='TABEL KONVERSI'!$C$5),3,IF(AND(CE21>='TABEL KONVERSI'!$B$6,'ENTRY DATA'!CE21<='TABEL KONVERSI'!$C$6),4,"")))),"-") -> - | CH21: =IF(CD21<>"",CD21,"-") -> - | CI21: =VLOOKUP(CF21,'TABEL KONVERSI'!$A$3:$D$7,4) -> - | CJ21: =IF(CE21<>"",CE21,"-") -> - | CK21: =VLOOKUP(CG21,'TABEL KONVERSI'!$A$3:$D$7,4) -> - | CP21: =IF(CL21<>"",ROUND(CL21,0),"") | CQ21: =IF(CM21<>"",ROUND(CM21,0),"") | CR21: =IF(CP21<>"",IF(AND(CP21>='TABEL KONVERSI'!$B$3,'ENTRY DATA'!CP21<='TABEL KONVERSI'!$C$3),1,IF(AND(CP21>='TABEL KONVERSI'!$B$4,'ENTRY DATA'!CP21<='TABEL KONVERSI'!$C$4),2,IF(AND(CP21>='TABEL KONVERSI'!$B$5,'ENTRY DATA'!CP21<='TABEL KONVERSI'!$C$5),3,IF(AND(CP21>='TABEL KONVERSI'!$B$6,'ENTRY DATA'!CP21<='TABEL KONVERSI'!$C$6),4,"")))),"-") -> - | CS21: =IF(CQ21<>"",IF(AND(CQ21>='TABEL KONVERSI'!$B$3,'ENTRY DATA'!CQ21<='TABEL KONVERSI'!$C$3),1,IF(AND(CQ21>='TABEL KONVERSI'!$B$4,'ENTRY DATA'!CQ21<='TABEL KONVERSI'!$C$4),2,IF(AND(CQ21>='TABEL KONVERSI'!$B$5,'ENTRY DATA'!CQ21<='TABEL KONVERSI'!$C$5),3,IF(AND(CQ21>='TABEL KONVERSI'!$B$6,'ENTRY DATA'!CQ21<='TABEL KONVERSI'!$C$6),4,"")))),"-") -> - | CT21: =IF(CP21<>"",CP21,"-") -> - | CU21: =VLOOKUP(CR21,'TABEL KONVERSI'!$A$3:$D$7,4) -> - | CV21: =IF(CQ21<>"",CQ21,"-") -> - | CW21: =VLOOKUP(CS21,'TABEL KONVERSI'!$A$3:$D$7,4) -> - | DB21: =IF(CX21<>"",ROUND(CX21,0),"") | DC21: =IF(CY21<>"",ROUND(CY21,0),"") | DD21: =IF(DB21<>"",IF(AND(DB21>='TABEL KONVERSI'!$B$3,'ENTRY DATA'!DB21<='TABEL KONVERSI'!$C$3),1,IF(AND(DB21>='TABEL KONVERSI'!$B$4,'ENTRY DATA'!DB21<='TABEL KONVERSI'!$C$4),2,IF(AND(DB21>='TABEL KONVERSI'!$B$5,'ENTRY DATA'!DB21<='TABEL KONVERSI'!$C$5),3,IF(AND(DB21>='TABEL KONVERSI'!$B$6,'ENTRY DATA'!DB21<='TABEL KONVERSI'!$C$6),4,"")))),"-") -> - | DE21: =IF(DC21<>"",IF(AND(DC21>='TABEL KONVERSI'!$B$3,'ENTRY DATA'!DC21<='TABEL KONVERSI'!$C$3),1,IF(AND(DC21>='TABEL KONVERSI'!$B$4,'ENTRY DATA'!DC21<='TABEL KONVERSI'!$C$4),2,IF(AND(DC21>='TABEL KONVERSI'!$B$5,'ENTRY DATA'!DC21<='TABEL KONVERSI'!$C$5),3,IF(AND(DC21>='TABEL KONVERSI'!$B$6,'ENTRY DATA'!DC21<='TABEL KONVERSI'!$C$6),4,"")))),"-") -> - | DF21: =IF(DB21<>"",DB21,"-") -> - | DG21: =VLOOKUP(DD21,'TABEL KONVERSI'!$A$3:$D$7,4) -> - | DH21: =IF(DC21<>"",DC21,"-") -> - | DI21: =VLOOKUP(DE21,'TABEL KONVERSI'!$A$3:$D$7,4) -> - | DN21: =IF(DJ21<>"",ROUND(DJ21,0),"") | DO21: =IF(DK21<>"",ROUND(DK21,0),"") | DP21: =IF(DN21<>"",IF(AND(DN21>='TABEL KONVERSI'!$B$3,'ENTRY DATA'!DN21<='TABEL KONVERSI'!$C$3),1,IF(AND(DN21>='TABEL KONVERSI'!$B$4,'ENTRY DATA'!DN21<='TABEL KONVERSI'!$C$4),2,IF(AND(DN21>='TABEL KONVERSI'!$B$5,'ENTRY DATA'!DN21<='TABEL KONVERSI'!$C$5),3,IF(AND(DN21>='TABEL KONVERSI'!$B$6,'ENTRY DATA'!DN21<='TABEL KONVERSI'!$C$6),4,"")))),"-") -> - | DQ21: =IF(DO21<>"",IF(AND(DO21>='TABEL KONVERSI'!$B$3,'ENTRY DATA'!DO21<='TABEL KONVERSI'!$C$3),1,IF(AND(DO21>='TABEL KONVERSI'!$B$4,'ENTRY DATA'!DO21<='TABEL KONVERSI'!$C$4),2,IF(AND(DO21>='TABEL KONVERSI'!$B$5,'ENTRY DATA'!DO21<='TABEL KONVERSI'!$C$5),3,IF(AND(DO21>='TABEL KONVERSI'!$B$6,'ENTRY DATA'!DO21<='TABEL KONVERSI'!$C$6),4,"")))),"-") -> - | DR21: =IF(DN21<>"",DN21,"-") -> - | DS21: =VLOOKUP(DP21,'TABEL KONVERSI'!$A$3:$D$7,4) -> - | DT21: =IF(DO21<>"",DO21,"-") -> - | DU21: =VLOOKUP(DQ21,'TABEL KONVERSI'!$A$3:$D$7,4) -> - | DZ21: =IF(DV21<>"",ROUND(DV21,0),"") | EA21: =IF(DW21<>"",ROUND(DW21,0),"") | EB21: =IF(DZ21<>"",IF(AND(DZ21>='TABEL KONVERSI'!$B$3,'ENTRY DATA'!DZ21<='TABEL KONVERSI'!$C$3),1,IF(AND(DZ21>='TABEL KONVERSI'!$B$4,'ENTRY DATA'!DZ21<='TABEL KONVERSI'!$C$4),2,IF(AND(DZ21>='TABEL KONVERSI'!$B$5,'ENTRY DATA'!DZ21<='TABEL KONVERSI'!$C$5),3,IF(AND(DZ21>='TABEL KONVERSI'!$B$6,'ENTRY DATA'!DZ21<='TABEL KONVERSI'!$C$6),4,"")))),"-") -> - | EC21: =IF(EA21<>"",IF(AND(EA21>='TABEL KONVERSI'!$B$3,'ENTRY DATA'!EA21<='TABEL KONVERSI'!$C$3),1,IF(AND(EA21>='TABEL KONVERSI'!$B$4,'ENTRY DATA'!EA21<='TABEL KONVERSI'!$C$4),2,IF(AND(EA21>='TABEL KONVERSI'!$B$5,'ENTRY DATA'!EA21<='TABEL KONVERSI'!$C$5),3,IF(AND(EA21>='TABEL KONVERSI'!$B$6,'ENTRY DATA'!EA21<='TABEL KONVERSI'!$C$6),4,"")))),"-") -> - | ED21: =IF(DZ21<>"",DZ21,"-") -> - | EE21: =VLOOKUP(EB21,'TABEL KONVERSI'!$A$3:$D$7,4) -> - | EF21: =IF(EA21<>"",EA21,"-") -> - | EG21: =VLOOKUP(EC21,'TABEL KONVERSI'!$A$3:$D$7,4) -> - | EL21: =IF(EH21<>"",ROUND(EH21,0),"") | EM21: =IF(EI21<>"",ROUND(EI21,0),"") | EN21: =IF(EL21<>"",IF(AND(EL21>='TABEL KONVERSI'!$B$3,'ENTRY DATA'!EL21<='TABEL KONVERSI'!$C$3),1,IF(AND(EL21>='TABEL KONVERSI'!$B$4,'ENTRY DATA'!EL21<='TABEL KONVERSI'!$C$4),2,IF(AND(EL21>='TABEL KONVERSI'!$B$5,'ENTRY DATA'!EL21<='TABEL KONVERSI'!$C$5),3,IF(AND(EL21>='TABEL KONVERSI'!$B$6,'ENTRY DATA'!EL21<='TABEL KONVERSI'!$C$6),4,"")))),"-") -> - | EO21: =IF(EM21<>"",IF(AND(EM21>='TABEL KONVERSI'!$B$3,'ENTRY DATA'!EM21<='TABEL KONVERSI'!$C$3),1,IF(AND(EM21>='TABEL KONVERSI'!$B$4,'ENTRY DATA'!EM21<='TABEL KONVERSI'!$C$4),2,IF(AND(EM21>='TABEL KONVERSI'!$B$5,'ENTRY DATA'!EM21<='TABEL KONVERSI'!$C$5),3,IF(AND(EM21>='TABEL KONVERSI'!$B$6,'ENTRY DATA'!EM21<='TABEL KONVERSI'!$C$6),4,"")))),"-") -> - | EP21: =IF(EL21<>"",EL21,"-") -> - | EQ21: =VLOOKUP(EN21,'TABEL KONVERSI'!$A$3:$D$7,4) -> - | ER21: =IF(EM21<>"",EM21,"-") -> - | ES21: =VLOOKUP(EO21,'TABEL KONVERSI'!$A$3:$D$7,4) -> - | EX21: =IF(ET21<>"",ROUND(ET21,0),"") | EY21: =IF(EU21<>"",ROUND(EU21,0),"") | EZ21: =IF(EX21<>"",IF(AND(EX21>='TABEL KONVERSI'!$B$3,'ENTRY DATA'!EX21<='TABEL KONVERSI'!$C$3),1,IF(AND(EX21>='TABEL KONVERSI'!$B$4,'ENTRY DATA'!EX21<='TABEL KONVERSI'!$C$4),2,IF(AND(EX21>='TABEL KONVERSI'!$B$5,'ENTRY DATA'!EX21<='TABEL KONVERSI'!$C$5),3,IF(AND(EX21>='TABEL KONVERSI'!$B$6,'ENTRY DATA'!EX21<='TABEL KONVERSI'!$C$6),4,"")))),"-") -> - | FA21: =IF(EY21<>"",IF(AND(EY21>='TABEL KONVERSI'!$B$3,'ENTRY DATA'!EY21<='TABEL KONVERSI'!$C$3),1,IF(AND(EY21>='TABEL KONVERSI'!$B$4,'ENTRY DATA'!EY21<='TABEL KONVERSI'!$C$4),2,IF(AND(EY21>='TABEL KONVERSI'!$B$5,'ENTRY DATA'!EY21<='TABEL KONVERSI'!$C$5),3,IF(AND(EY21>='TABEL KONVERSI'!$B$6,'ENTRY DATA'!EY21<='TABEL KONVERSI'!$C$6),4,"")))),"-") -> - | FB21: =IF(EX21<>"",EX21,"-") -> - | FC21: =VLOOKUP(EZ21,'TABEL KONVERSI'!$A$3:$D$7,4) -> - | FD21: =IF(EY21<>"",EY21,"-") -> - | FE21: =VLOOKUP(FA21,'TABEL KONVERSI'!$A$3:$D$7,4) -> - | FJ21: =IF(FF21<>"",ROUND(FF21,0),"") | FK21: =IF(FG21<>"",ROUND(FG21,0),"") | FL21: =IF(FJ21<>"",IF(AND(FJ21>='TABEL KONVERSI'!$B$3,'ENTRY DATA'!FJ21<='TABEL KONVERSI'!$C$3),1,IF(AND(FJ21>='TABEL KONVERSI'!$B$4,'ENTRY DATA'!FJ21<='TABEL KONVERSI'!$C$4),2,IF(AND(FJ21>='TABEL KONVERSI'!$B$5,'ENTRY DATA'!FJ21<='TABEL KONVERSI'!$C$5),3,IF(AND(FJ21>='TABEL KONVERSI'!$B$6,'ENTRY DATA'!FJ21<='TABEL KONVERSI'!$C$6),4,"")))),"-") -> - | FM21: =IF(FK21<>"",IF(AND(FK21>='TABEL KONVERSI'!$B$3,'ENTRY DATA'!FK21<='TABEL KONVERSI'!$C$3),1,IF(AND(FK21>='TABEL KONVERSI'!$B$4,'ENTRY DATA'!FK21<='TABEL KONVERSI'!$C$4),2,IF(AND(FK21>='TABEL KONVERSI'!$B$5,'ENTRY DATA'!FK21<='TABEL KONVERSI'!$C$5),3,IF(AND(FK21>='TABEL KONVERSI'!$B$6,'ENTRY DATA'!FK21<='TABEL KONVERSI'!$C$6),4,"")))),"-") -> - | FN21: =IF(FJ21<>"",FJ21,"-") -> - | FO21: =VLOOKUP(FL21,'TABEL KONVERSI'!$A$3:$D$7,4) -> - | FP21: =IF(FK21<>"",FK21,"-") -> - | FQ21: =VLOOKUP(FM21,'TABEL KONVERSI'!$A$3:$D$7,4) -> - | FV21: =IF(FR21<>"",ROUND(FR21,0),"") | FW21: =IF(FS21<>"",ROUND(FS21,0),"") | FX21: =IF(FV21<>"",IF(AND(FV21>='TABEL KONVERSI'!$B$3,'ENTRY DATA'!FV21<='TABEL KONVERSI'!$C$3),1,IF(AND(FV21>='TABEL KONVERSI'!$B$4,'ENTRY DATA'!FV21<='TABEL KONVERSI'!$C$4),2,IF(AND(FV21>='TABEL KONVERSI'!$B$5,'ENTRY DATA'!FV21<='TABEL KONVERSI'!$C$5),3,IF(AND(FV21>='TABEL KONVERSI'!$B$6,'ENTRY DATA'!FV21<='TABEL KONVERSI'!$C$6),4,"")))),"-") -> - | FY21: =IF(FW21<>"",IF(AND(FW21>='TABEL KONVERSI'!$B$3,'ENTRY DATA'!FW21<='TABEL KONVERSI'!$C$3),1,IF(AND(FW21>='TABEL KONVERSI'!$B$4,'ENTRY DATA'!FW21<='TABEL KONVERSI'!$C$4),2,IF(AND(FW21>='TABEL KONVERSI'!$B$5,'ENTRY DATA'!FW21<='TABEL KONVERSI'!$C$5),3,IF(AND(FW21>='TABEL KONVERSI'!$B$6,'ENTRY DATA'!FW21<='TABEL KONVERSI'!$C$6),4,"")))),"-") -> - | FZ21: =IF(FV21<>"",FV21,"-") -> - | GA21: =VLOOKUP(FX21,'TABEL KONVERSI'!$A$3:$D$7,4) -> - | GB21: =IF(FW21<>"",FW21,"-") -> - | GC21: =VLOOKUP(FY21,'TABEL KONVERSI'!$A$3:$D$7,4) -> - | GH21: =IF(GD21<>"",ROUND(GD21,0),"") | GI21: =IF(GE21<>"",ROUND(GE21,0),"") | GJ21: =IF(GH21<>"",IF(AND(GH21>='TABEL KONVERSI'!$B$3,'ENTRY DATA'!GH21<='TABEL KONVERSI'!$C$3),1,IF(AND(GH21>='TABEL KONVERSI'!$B$4,'ENTRY DATA'!GH21<='TABEL KONVERSI'!$C$4),2,IF(AND(GH21>='TABEL KONVERSI'!$B$5,'ENTRY DATA'!GH21<='TABEL KONVERSI'!$C$5),3,IF(AND(GH21>='TABEL KONVERSI'!$B$6,'ENTRY DATA'!GH21<='TABEL KONVERSI'!$C$6),4,"")))),"-") -> - | GK21: =IF(GI21<>"",IF(AND(GI21>='TABEL KONVERSI'!$B$3,'ENTRY DATA'!GI21<='TABEL KONVERSI'!$C$3),1,IF(AND(GI21>='TABEL KONVERSI'!$B$4,'ENTRY DATA'!GI21<='TABEL KONVERSI'!$C$4),2,IF(AND(GI21>='TABEL KONVERSI'!$B$5,'ENTRY DATA'!GI21<='TABEL KONVERSI'!$C$5),3,IF(AND(GI21>='TABEL KONVERSI'!$B$6,'ENTRY DATA'!GI21<='TABEL KONVERSI'!$C$6),4,"")))),"-") -> - | GL21: =IF(GH21<>"",GH21,"-") -> - | GM21: =VLOOKUP(GJ21,'TABEL KONVERSI'!$A$3:$D$7,4) -> - | GN21: =IF(GI21<>"",GI21,"-") -> - | GO21: =VLOOKUP(GK21,'TABEL KONVERSI'!$A$3:$D$7,4) -> - | GP21: =H21 -> 0 | GQ21: =T21 -> 0 | GR21: =AF21 -> 0 | GS21: =AR21 -> 0 | GT21: =BD21 -> 0 | GU21: =BP21 -> 0 | GV21: =CB21 -> 0 | GW21: =CN21 -> 0 | GX21: =CZ21 -> 0 | GY21: =DL21 -> 0 | GZ21: =DX21 -> 0 | HA21: =EJ21 -> 0 | HB21: =EV21 -> 0 | HC21: =FH21 -> 0 | HD21: =FT21 -> 0 | HE21: =GF21 -> 0 | HF21: =COUNTIF($GP21:$HE21,"=A") -> 0 | HG21: =COUNTIF($GP21:$HE21,"=B") -> 0 | HH21: =COUNTIF($GP21:$HE21,"=C") -> 0 | HI21: =COUNTIF($GP21:$HE21,"=D") -> 0 | HJ21: =IF(AND(HF21=0,HG21=0,HH21=0,HI21=0),"-",IF(MAX(HF21:HI21)=HF21,"A",IF(MAX(HF21:HI21)=HG21,"B",IF(MAX(HF21:HI21)=HH21,"C",IF(MAX(HF21:HI21)=HI21,"D","-"))))) -> - | HK21: =VLOOKUP(HJ21,'TABEL KONVERSI'!$B$11:$D$15,2,0) -> - | HL21: =I21 -> 0 | HM21: =U21 -> 0 | HN21: =AG21 -> 0 | HO21: =AS21 -> 0 | HP21: =BE21 -> 0 | HQ21: =BQ21 -> 0 | HR21: =CC21 -> 0 | HS21: =CO21 -> 0 | HT21: =DA21 -> 0 | HU21: =DM21 -> 0 | HV21: =DY21 -> 0 | HW21: =EK21 -> 0 | HX21: =EW21 -> 0 | HY21: =FI21 -> 0 | HZ21: =FU21 -> 0 | IA21: =GG21 -> 0 | IB21: =COUNTIF($HL21:$IA21,"=A") -> 0 | IC21: =COUNTIF($HL21:$IA21,"=B") -> 0 | ID21: =COUNTIF($HL21:$IA21,"=C") -> 0 | IE21: =COUNTIF($HL21:$IA21,"=D") -> 0 | IF21: =IF(AND(IB21=0,IC21=0,ID21=0,IE21=0),"-",IF(MAX(IB21:IE21)=IB21,"A",IF(MAX(IB21:IE21)=IC21,"B",IF(MAX(IB21:IE21)=ID21,"C",IF(MAX(IB21:IE21)=IE21,"D","-"))))) -> - | IG21: =VLOOKUP(IF21,'TABEL KONVERSI'!$B$11:$D$15,3,0) -> - | IH21: Pramuka | II21: B | IJ21: =IF(II21<>"",VLOOKUP(II21,'TABEL KONVERSI'!$A$19:$B$23,2,0),"") -> Aktif dalam mengikuti kegiatan | IK21: - | IL21: - | IM21: =IF(IL21<>"",VLOOKUP(IL21,'TABEL KONVERSI'!$A$19:$B$23,2,0),"") -> - | IN21: - | IO21: - | IP21: =IF(IO21<>"",VLOOKUP(IO21,'TABEL KONVERSI'!$A$19:$B$23,2,0),"") -> - | IQ21: - | IR21: - | IS21: =IF(IR21<>"",VLOOKUP(IR21,'TABEL KONVERSI'!$A$19:$B$23,2,0),"") -> - | IT21: - | IU21: - | IV21: =IF(IU21<>"",VLOOKUP(IU21,'TABEL KONVERSI'!$A$19:$B$23,2,0),"") -> - | IW21: - | IX21: - | IY21: - | IZ21: - | JA21: =SUM(N21,P21,Z21,AB21,AL21,AN21,AX21,AZ21,BJ21,BL21,BV21,BX21,CH21,CJ21,CT21,CV21,DF21,DH21,DR21,DT21,ED21,EF21,EP21,ER21,FB21,FD21,FN21,FP21,FZ21,GB21,GL21,GN21) -> 0 | JB21: =RANK(JA21,$JA$13:$JA$62,0) -> 1
A22: 10 | J22: =IF(F22<>"",ROUND(F22,0),"") | K22: =IF(G22<>"",ROUND(G22,0),"") | L22: =IF(J22<>"",IF(AND(J22>='TABEL KONVERSI'!$B$3,'ENTRY DATA'!J22<='TABEL KONVERSI'!$C$3),1,IF(AND(J22>='TABEL KONVERSI'!$B$4,'ENTRY DATA'!J22<='TABEL KONVERSI'!$C$4),2,IF(AND(J22>='TABEL KONVERSI'!$B$5,'ENTRY DATA'!J22<='TABEL KONVERSI'!$C$5),3,IF(AND(J22>='TABEL KONVERSI'!$B$6,'ENTRY DATA'!J22<='TABEL KONVERSI'!$C$6),4,"")))),"-") -> - | M22: =IF(K22<>"",IF(AND(K22>='TABEL KONVERSI'!$B$3,'ENTRY DATA'!K22<='TABEL KONVERSI'!$C$3),1,IF(AND(K22>='TABEL KONVERSI'!$B$4,'ENTRY DATA'!K22<='TABEL KONVERSI'!$C$4),2,IF(AND(K22>='TABEL KONVERSI'!$B$5,'ENTRY DATA'!K22<='TABEL KONVERSI'!$C$5),3,IF(AND(K22>='TABEL KONVERSI'!$B$6,'ENTRY DATA'!K22<='TABEL KONVERSI'!$C$6),4,"")))),"-") -> - | N22: =IF(J22<>"",J22,"-") -> - | O22: =VLOOKUP(L22,'TABEL KONVERSI'!$A$3:$D$7,4) -> - | P22: =IF(K22<>"",K22,"-") -> - | Q22: =VLOOKUP(M22,'TABEL KONVERSI'!$A$3:$D$7,4) -> - | V22: =IF(R22<>"",ROUND(R22,0),"") | W22: =IF(S22<>"",ROUND(S22,0),"") | X22: =IF(V22<>"",IF(AND(V22>='TABEL KONVERSI'!$B$3,'ENTRY DATA'!V22<='TABEL KONVERSI'!$C$3),1,IF(AND(V22>='TABEL KONVERSI'!$B$4,'ENTRY DATA'!V22<='TABEL KONVERSI'!$C$4),2,IF(AND(V22>='TABEL KONVERSI'!$B$5,'ENTRY DATA'!V22<='TABEL KONVERSI'!$C$5),3,IF(AND(V22>='TABEL KONVERSI'!$B$6,'ENTRY DATA'!V22<='TABEL KONVERSI'!$C$6),4,"")))),"-") -> - | Y22: =IF(W22<>"",IF(AND(W22>='TABEL KONVERSI'!$B$3,'ENTRY DATA'!W22<='TABEL KONVERSI'!$C$3),1,IF(AND(W22>='TABEL KONVERSI'!$B$4,'ENTRY DATA'!W22<='TABEL KONVERSI'!$C$4),2,IF(AND(W22>='TABEL KONVERSI'!$B$5,'ENTRY DATA'!W22<='TABEL KONVERSI'!$C$5),3,IF(AND(W22>='TABEL KONVERSI'!$B$6,'ENTRY DATA'!W22<='TABEL KONVERSI'!$C$6),4,"")))),"-") -> - | Z22: =IF(V22<>"",V22,"-") -> - | AA22: =VLOOKUP(X22,'TABEL KONVERSI'!$A$3:$D$7,4) -> - | AB22: =IF(W22<>"",W22,"-") -> - | AC22: =VLOOKUP(Y22,'TABEL KONVERSI'!$A$3:$D$7,4) -> - | AH22: =IF(AD22<>"",ROUND(AD22,0),"") | AI22: =IF(AE22<>"",ROUND(AE22,0),"") | AJ22: =IF(AH22<>"",IF(AND(AH22>='TABEL KONVERSI'!$B$3,'ENTRY DATA'!AH22<='TABEL KONVERSI'!$C$3),1,IF(AND(AH22>='TABEL KONVERSI'!$B$4,'ENTRY DATA'!AH22<='TABEL KONVERSI'!$C$4),2,IF(AND(AH22>='TABEL KONVERSI'!$B$5,'ENTRY DATA'!AH22<='TABEL KONVERSI'!$C$5),3,IF(AND(AH22>='TABEL KONVERSI'!$B$6,'ENTRY DATA'!AH22<='TABEL KONVERSI'!$C$6),4,"")))),"-") -> - | AK22: =IF(AI22<>"",IF(AND(AI22>='TABEL KONVERSI'!$B$3,'ENTRY DATA'!AI22<='TABEL KONVERSI'!$C$3),1,IF(AND(AI22>='TABEL KONVERSI'!$B$4,'ENTRY DATA'!AI22<='TABEL KONVERSI'!$C$4),2,IF(AND(AI22>='TABEL KONVERSI'!$B$5,'ENTRY DATA'!AI22<='TABEL KONVERSI'!$C$5),3,IF(AND(AI22>='TABEL KONVERSI'!$B$6,'ENTRY DATA'!AI22<='TABEL KONVERSI'!$C$6),4,"")))),"-") -> - | AL22: =IF(AH22<>"",AH22,"-") -> - | AM22: =VLOOKUP(AJ22,'TABEL KONVERSI'!$A$3:$D$7,4) -> - | AN22: =IF(AI22<>"",AI22,"-") -> - | AO22: =VLOOKUP(AK22,'TABEL KONVERSI'!$A$3:$D$7,4) -> - | AT22: =IF(AP22<>"",ROUND(AP22,0),"") | AU22: =IF(AQ22<>"",ROUND(AQ22,0),"") | AV22: =IF(AT22<>"",IF(AND(AT22>='TABEL KONVERSI'!$B$3,'ENTRY DATA'!AT22<='TABEL KONVERSI'!$C$3),1,IF(AND(AT22>='TABEL KONVERSI'!$B$4,'ENTRY DATA'!AT22<='TABEL KONVERSI'!$C$4),2,IF(AND(AT22>='TABEL KONVERSI'!$B$5,'ENTRY DATA'!AT22<='TABEL KONVERSI'!$C$5),3,IF(AND(AT22>='TABEL KONVERSI'!$B$6,'ENTRY DATA'!AT22<='TABEL KONVERSI'!$C$6),4,"")))),"-") -> - | AW22: =IF(AU22<>"",IF(AND(AU22>='TABEL KONVERSI'!$B$3,'ENTRY DATA'!AU22<='TABEL KONVERSI'!$C$3),1,IF(AND(AU22>='TABEL KONVERSI'!$B$4,'ENTRY DATA'!AU22<='TABEL KONVERSI'!$C$4),2,IF(AND(AU22>='TABEL KONVERSI'!$B$5,'ENTRY DATA'!AU22<='TABEL KONVERSI'!$C$5),3,IF(AND(AU22>='TABEL KONVERSI'!$B$6,'ENTRY DATA'!AU22<='TABEL KONVERSI'!$C$6),4,"")))),"-") -> - | AX22: =IF(AT22<>"",AT22,"-") -> - | AY22: =VLOOKUP(AV22,'TABEL KONVERSI'!$A$3:$D$7,4) -> - | AZ22: =IF(AU22<>"",AU22,"-") -> - | BA22: =VLOOKUP(AW22,'TABEL KONVERSI'!$A$3:$D$7,4) -> - | BF22: =IF(BB22<>"",ROUND(BB22,0),"") | BG22: =IF(BC22<>"",ROUND(BC22,0),"") | BH22: =IF(BF22<>"",IF(AND(BF22>='TABEL KONVERSI'!$B$3,'ENTRY DATA'!BF22<='TABEL KONVERSI'!$C$3),1,IF(AND(BF22>='TABEL KONVERSI'!$B$4,'ENTRY DATA'!BF22<='TABEL KONVERSI'!$C$4),2,IF(AND(BF22>='TABEL KONVERSI'!$B$5,'ENTRY DATA'!BF22<='TABEL KONVERSI'!$C$5),3,IF(AND(BF22>='TABEL KONVERSI'!$B$6,'ENTRY DATA'!BF22<='TABEL KONVERSI'!$C$6),4,"")))),"-") -> - | BI22: =IF(BG22<>"",IF(AND(BG22>='TABEL KONVERSI'!$B$3,'ENTRY DATA'!BG22<='TABEL KONVERSI'!$C$3),1,IF(AND(BG22>='TABEL KONVERSI'!$B$4,'ENTRY DATA'!BG22<='TABEL KONVERSI'!$C$4),2,IF(AND(BG22>='TABEL KONVERSI'!$B$5,'ENTRY DATA'!BG22<='TABEL KONVERSI'!$C$5),3,IF(AND(BG22>='TABEL KONVERSI'!$B$6,'ENTRY DATA'!BG22<='TABEL KONVERSI'!$C$6),4,"")))),"-") -> - | BJ22: =IF(BF22<>"",BF22,"-") -> - | BK22: =VLOOKUP(BH22,'TABEL KONVERSI'!$A$3:$D$7,4) -> - | BL22: =IF(BG22<>"",BG22,"-") -> - | BM22: =VLOOKUP(BI22,'TABEL KONVERSI'!$A$3:$D$7,4) -> - | BR22: =IF(BN22<>"",ROUND(BN22,0),"") | BS22: =IF(BO22<>"",ROUND(BO22,0),"") | BT22: =IF(BR22<>"",IF(AND(BR22>='TABEL KONVERSI'!$B$3,'ENTRY DATA'!BR22<='TABEL KONVERSI'!$C$3),1,IF(AND(BR22>='TABEL KONVERSI'!$B$4,'ENTRY DATA'!BR22<='TABEL KONVERSI'!$C$4),2,IF(AND(BR22>='TABEL KONVERSI'!$B$5,'ENTRY DATA'!BR22<='TABEL KONVERSI'!$C$5),3,IF(AND(BR22>='TABEL KONVERSI'!$B$6,'ENTRY DATA'!BR22<='TABEL KONVERSI'!$C$6),4,"")))),"-") -> - | BU22: =IF(BS22<>"",IF(AND(BS22>='TABEL KONVERSI'!$B$3,'ENTRY DATA'!BS22<='TABEL KONVERSI'!$C$3),1,IF(AND(BS22>='TABEL KONVERSI'!$B$4,'ENTRY DATA'!BS22<='TABEL KONVERSI'!$C$4),2,IF(AND(BS22>='TABEL KONVERSI'!$B$5,'ENTRY DATA'!BS22<='TABEL KONVERSI'!$C$5),3,IF(AND(BS22>='TABEL KONVERSI'!$B$6,'ENTRY DATA'!BS22<='TABEL KONVERSI'!$C$6),4,"")))),"-") -> - | BV22: =IF(BR22<>"",BR22,"-") -> - | BW22: =VLOOKUP(BT22,'TABEL KONVERSI'!$A$3:$D$7,4) -> - | BX22: =IF(BS22<>"",BS22,"-") -> - | BY22: =VLOOKUP(BU22,'TABEL KONVERSI'!$A$3:$D$7,4) -> - | CD22: =IF(BZ22<>"",ROUND(BZ22,0),"") | CE22: =IF(CA22<>"",ROUND(CA22,0),"") | CF22: =IF(CD22<>"",IF(AND(CD22>='TABEL KONVERSI'!$B$3,'ENTRY DATA'!CD22<='TABEL KONVERSI'!$C$3),1,IF(AND(CD22>='TABEL KONVERSI'!$B$4,'ENTRY DATA'!CD22<='TABEL KONVERSI'!$C$4),2,IF(AND(CD22>='TABEL KONVERSI'!$B$5,'ENTRY DATA'!CD22<='TABEL KONVERSI'!$C$5),3,IF(AND(CD22>='TABEL KONVERSI'!$B$6,'ENTRY DATA'!CD22<='TABEL KONVERSI'!$C$6),4,"")))),"-") -> - | CG22: =IF(CE22<>"",IF(AND(CE22>='TABEL KONVERSI'!$B$3,'ENTRY DATA'!CE22<='TABEL KONVERSI'!$C$3),1,IF(AND(CE22>='TABEL KONVERSI'!$B$4,'ENTRY DATA'!CE22<='TABEL KONVERSI'!$C$4),2,IF(AND(CE22>='TABEL KONVERSI'!$B$5,'ENTRY DATA'!CE22<='TABEL KONVERSI'!$C$5),3,IF(AND(CE22>='TABEL KONVERSI'!$B$6,'ENTRY DATA'!CE22<='TABEL KONVERSI'!$C$6),4,"")))),"-") -> - | CH22: =IF(CD22<>"",CD22,"-") -> - | CI22: =VLOOKUP(CF22,'TABEL KONVERSI'!$A$3:$D$7,4) -> - | CJ22: =IF(CE22<>"",CE22,"-") -> - | CK22: =VLOOKUP(CG22,'TABEL KONVERSI'!$A$3:$D$7,4) -> - | CP22: =IF(CL22<>"",ROUND(CL22,0),"") | CQ22: =IF(CM22<>"",ROUND(CM22,0),"") | CR22: =IF(CP22<>"",IF(AND(CP22>='TABEL KONVERSI'!$B$3,'ENTRY DATA'!CP22<='TABEL KONVERSI'!$C$3),1,IF(AND(CP22>='TABEL KONVERSI'!$B$4,'ENTRY DATA'!CP22<='TABEL KONVERSI'!$C$4),2,IF(AND(CP22>='TABEL KONVERSI'!$B$5,'ENTRY DATA'!CP22<='TABEL KONVERSI'!$C$5),3,IF(AND(CP22>='TABEL KONVERSI'!$B$6,'ENTRY DATA'!CP22<='TABEL KONVERSI'!$C$6),4,"")))),"-") -> - | CS22: =IF(CQ22<>"",IF(AND(CQ22>='TABEL KONVERSI'!$B$3,'ENTRY DATA'!CQ22<='TABEL KONVERSI'!$C$3),1,IF(AND(CQ22>='TABEL KONVERSI'!$B$4,'ENTRY DATA'!CQ22<='TABEL KONVERSI'!$C$4),2,IF(AND(CQ22>='TABEL KONVERSI'!$B$5,'ENTRY DATA'!CQ22<='TABEL KONVERSI'!$C$5),3,IF(AND(CQ22>='TABEL KONVERSI'!$B$6,'ENTRY DATA'!CQ22<='TABEL KONVERSI'!$C$6),4,"")))),"-") -> - | CT22: =IF(CP22<>"",CP22,"-") -> - | CU22: =VLOOKUP(CR22,'TABEL KONVERSI'!$A$3:$D$7,4) -> - | CV22: =IF(CQ22<>"",CQ22,"-") -> - | CW22: =VLOOKUP(CS22,'TABEL KONVERSI'!$A$3:$D$7,4) -> - | DB22: =IF(CX22<>"",ROUND(CX22,0),"") | DC22: =IF(CY22<>"",ROUND(CY22,0),"") | DD22: =IF(DB22<>"",IF(AND(DB22>='TABEL KONVERSI'!$B$3,'ENTRY DATA'!DB22<='TABEL KONVERSI'!$C$3),1,IF(AND(DB22>='TABEL KONVERSI'!$B$4,'ENTRY DATA'!DB22<='TABEL KONVERSI'!$C$4),2,IF(AND(DB22>='TABEL KONVERSI'!$B$5,'ENTRY DATA'!DB22<='TABEL KONVERSI'!$C$5),3,IF(AND(DB22>='TABEL KONVERSI'!$B$6,'ENTRY DATA'!DB22<='TABEL KONVERSI'!$C$6),4,"")))),"-") -> - | DE22: =IF(DC22<>"",IF(AND(DC22>='TABEL KONVERSI'!$B$3,'ENTRY DATA'!DC22<='TABEL KONVERSI'!$C$3),1,IF(AND(DC22>='TABEL KONVERSI'!$B$4,'ENTRY DATA'!DC22<='TABEL KONVERSI'!$C$4),2,IF(AND(DC22>='TABEL KONVERSI'!$B$5,'ENTRY DATA'!DC22<='TABEL KONVERSI'!$C$5),3,IF(AND(DC22>='TABEL KONVERSI'!$B$6,'ENTRY DATA'!DC22<='TABEL KONVERSI'!$C$6),4,"")))),"-") -> - | DF22: =IF(DB22<>"",DB22,"-") -> - | DG22: =VLOOKUP(DD22,'TABEL KONVERSI'!$A$3:$D$7,4) -> - | DH22: =IF(DC22<>"",DC22,"-") -> - | DI22: =VLOOKUP(DE22,'TABEL KONVERSI'!$A$3:$D$7,4) -> - | DN22: =IF(DJ22<>"",ROUND(DJ22,0),"") | DO22: =IF(DK22<>"",ROUND(DK22,0),"") | DP22: =IF(DN22<>"",IF(AND(DN22>='TABEL KONVERSI'!$B$3,'ENTRY DATA'!DN22<='TABEL KONVERSI'!$C$3),1,IF(AND(DN22>='TABEL KONVERSI'!$B$4,'ENTRY DATA'!DN22<='TABEL KONVERSI'!$C$4),2,IF(AND(DN22>='TABEL KONVERSI'!$B$5,'ENTRY DATA'!DN22<='TABEL KONVERSI'!$C$5),3,IF(AND(DN22>='TABEL KONVERSI'!$B$6,'ENTRY DATA'!DN22<='TABEL KONVERSI'!$C$6),4,"")))),"-") -> - | DQ22: =IF(DO22<>"",IF(AND(DO22>='TABEL KONVERSI'!$B$3,'ENTRY DATA'!DO22<='TABEL KONVERSI'!$C$3),1,IF(AND(DO22>='TABEL KONVERSI'!$B$4,'ENTRY DATA'!DO22<='TABEL KONVERSI'!$C$4),2,IF(AND(DO22>='TABEL KONVERSI'!$B$5,'ENTRY DATA'!DO22<='TABEL KONVERSI'!$C$5),3,IF(AND(DO22>='TABEL KONVERSI'!$B$6,'ENTRY DATA'!DO22<='TABEL KONVERSI'!$C$6),4,"")))),"-") -> - | DR22: =IF(DN22<>"",DN22,"-") -> - | DS22: =VLOOKUP(DP22,'TABEL KONVERSI'!$A$3:$D$7,4) -> - | DT22: =IF(DO22<>"",DO22,"-") -> - | DU22: =VLOOKUP(DQ22,'TABEL KONVERSI'!$A$3:$D$7,4) -> - | DZ22: =IF(DV22<>"",ROUND(DV22,0),"") | EA22: =IF(DW22<>"",ROUND(DW22,0),"") | EB22: =IF(DZ22<>"",IF(AND(DZ22>='TABEL KONVERSI'!$B$3,'ENTRY DATA'!DZ22<='TABEL KONVERSI'!$C$3),1,IF(AND(DZ22>='TABEL KONVERSI'!$B$4,'ENTRY DATA'!DZ22<='TABEL KONVERSI'!$C$4),2,IF(AND(DZ22>='TABEL KONVERSI'!$B$5,'ENTRY DATA'!DZ22<='TABEL KONVERSI'!$C$5),3,IF(AND(DZ22>='TABEL KONVERSI'!$B$6,'ENTRY DATA'!DZ22<='TABEL KONVERSI'!$C$6),4,"")))),"-") -> - | EC22: =IF(EA22<>"",IF(AND(EA22>='TABEL KONVERSI'!$B$3,'ENTRY DATA'!EA22<='TABEL KONVERSI'!$C$3),1,IF(AND(EA22>='TABEL KONVERSI'!$B$4,'ENTRY DATA'!EA22<='TABEL KONVERSI'!$C$4),2,IF(AND(EA22>='TABEL KONVERSI'!$B$5,'ENTRY DATA'!EA22<='TABEL KONVERSI'!$C$5),3,IF(AND(EA22>='TABEL KONVERSI'!$B$6,'ENTRY DATA'!EA22<='TABEL KONVERSI'!$C$6),4,"")))),"-") -> - | ED22: =IF(DZ22<>"",DZ22,"-") -> - | EE22: =VLOOKUP(EB22,'TABEL KONVERSI'!$A$3:$D$7,4) -> - | EF22: =IF(EA22<>"",EA22,"-") -> - | EG22: =VLOOKUP(EC22,'TABEL KONVERSI'!$A$3:$D$7,4) -> - | EL22: =IF(EH22<>"",ROUND(EH22,0),"") | EM22: =IF(EI22<>"",ROUND(EI22,0),"") | EN22: =IF(EL22<>"",IF(AND(EL22>='TABEL KONVERSI'!$B$3,'ENTRY DATA'!EL22<='TABEL KONVERSI'!$C$3),1,IF(AND(EL22>='TABEL KONVERSI'!$B$4,'ENTRY DATA'!EL22<='TABEL KONVERSI'!$C$4),2,IF(AND(EL22>='TABEL KONVERSI'!$B$5,'ENTRY DATA'!EL22<='TABEL KONVERSI'!$C$5),3,IF(AND(EL22>='TABEL KONVERSI'!$B$6,'ENTRY DATA'!EL22<='TABEL KONVERSI'!$C$6),4,"")))),"-") -> - | EO22: =IF(EM22<>"",IF(AND(EM22>='TABEL KONVERSI'!$B$3,'ENTRY DATA'!EM22<='TABEL KONVERSI'!$C$3),1,IF(AND(EM22>='TABEL KONVERSI'!$B$4,'ENTRY DATA'!EM22<='TABEL KONVERSI'!$C$4),2,IF(AND(EM22>='TABEL KONVERSI'!$B$5,'ENTRY DATA'!EM22<='TABEL KONVERSI'!$C$5),3,IF(AND(EM22>='TABEL KONVERSI'!$B$6,'ENTRY DATA'!EM22<='TABEL KONVERSI'!$C$6),4,"")))),"-") -> - | EP22: =IF(EL22<>"",EL22,"-") -> - | EQ22: =VLOOKUP(EN22,'TABEL KONVERSI'!$A$3:$D$7,4) -> - | ER22: =IF(EM22<>"",EM22,"-") -> - | ES22: =VLOOKUP(EO22,'TABEL KONVERSI'!$A$3:$D$7,4) -> - | EX22: =IF(ET22<>"",ROUND(ET22,0),"") | EY22: =IF(EU22<>"",ROUND(EU22,0),"") | EZ22: =IF(EX22<>"",IF(AND(EX22>='TABEL KONVERSI'!$B$3,'ENTRY DATA'!EX22<='TABEL KONVERSI'!$C$3),1,IF(AND(EX22>='TABEL KONVERSI'!$B$4,'ENTRY DATA'!EX22<='TABEL KONVERSI'!$C$4),2,IF(AND(EX22>='TABEL KONVERSI'!$B$5,'ENTRY DATA'!EX22<='TABEL KONVERSI'!$C$5),3,IF(AND(EX22>='TABEL KONVERSI'!$B$6,'ENTRY DATA'!EX22<='TABEL KONVERSI'!$C$6),4,"")))),"-") -> - | FA22: =IF(EY22<>"",IF(AND(EY22>='TABEL KONVERSI'!$B$3,'ENTRY DATA'!EY22<='TABEL KONVERSI'!$C$3),1,IF(AND(EY22>='TABEL KONVERSI'!$B$4,'ENTRY DATA'!EY22<='TABEL KONVERSI'!$C$4),2,IF(AND(EY22>='TABEL KONVERSI'!$B$5,'ENTRY DATA'!EY22<='TABEL KONVERSI'!$C$5),3,IF(AND(EY22>='TABEL KONVERSI'!$B$6,'ENTRY DATA'!EY22<='TABEL KONVERSI'!$C$6),4,"")))),"-") -> - | FB22: =IF(EX22<>"",EX22,"-") -> - | FC22: =VLOOKUP(EZ22,'TABEL KONVERSI'!$A$3:$D$7,4) -> - | FD22: =IF(EY22<>"",EY22,"-") -> - | FE22: =VLOOKUP(FA22,'TABEL KONVERSI'!$A$3:$D$7,4) -> - | FJ22: =IF(FF22<>"",ROUND(FF22,0),"") | FK22: =IF(FG22<>"",ROUND(FG22,0),"") | FL22: =IF(FJ22<>"",IF(AND(FJ22>='TABEL KONVERSI'!$B$3,'ENTRY DATA'!FJ22<='TABEL KONVERSI'!$C$3),1,IF(AND(FJ22>='TABEL KONVERSI'!$B$4,'ENTRY DATA'!FJ22<='TABEL KONVERSI'!$C$4),2,IF(AND(FJ22>='TABEL KONVERSI'!$B$5,'ENTRY DATA'!FJ22<='TABEL KONVERSI'!$C$5),3,IF(AND(FJ22>='TABEL KONVERSI'!$B$6,'ENTRY DATA'!FJ22<='TABEL KONVERSI'!$C$6),4,"")))),"-") -> - | FM22: =IF(FK22<>"",IF(AND(FK22>='TABEL KONVERSI'!$B$3,'ENTRY DATA'!FK22<='TABEL KONVERSI'!$C$3),1,IF(AND(FK22>='TABEL KONVERSI'!$B$4,'ENTRY DATA'!FK22<='TABEL KONVERSI'!$C$4),2,IF(AND(FK22>='TABEL KONVERSI'!$B$5,'ENTRY DATA'!FK22<='TABEL KONVERSI'!$C$5),3,IF(AND(FK22>='TABEL KONVERSI'!$B$6,'ENTRY DATA'!FK22<='TABEL KONVERSI'!$C$6),4,"")))),"-") -> - | FN22: =IF(FJ22<>"",FJ22,"-") -> - | FO22: =VLOOKUP(FL22,'TABEL KONVERSI'!$A$3:$D$7,4) -> - | FP22: =IF(FK22<>"",FK22,"-") -> - | FQ22: =VLOOKUP(FM22,'TABEL KONVERSI'!$A$3:$D$7,4) -> - | FV22: =IF(FR22<>"",ROUND(FR22,0),"") | FW22: =IF(FS22<>"",ROUND(FS22,0),"") | FX22: =IF(FV22<>"",IF(AND(FV22>='TABEL KONVERSI'!$B$3,'ENTRY DATA'!FV22<='TABEL KONVERSI'!$C$3),1,IF(AND(FV22>='TABEL KONVERSI'!$B$4,'ENTRY DATA'!FV22<='TABEL KONVERSI'!$C$4),2,IF(AND(FV22>='TABEL KONVERSI'!$B$5,'ENTRY DATA'!FV22<='TABEL KONVERSI'!$C$5),3,IF(AND(FV22>='TABEL KONVERSI'!$B$6,'ENTRY DATA'!FV22<='TABEL KONVERSI'!$C$6),4,"")))),"-") -> - | FY22: =IF(FW22<>"",IF(AND(FW22>='TABEL KONVERSI'!$B$3,'ENTRY DATA'!FW22<='TABEL KONVERSI'!$C$3),1,IF(AND(FW22>='TABEL KONVERSI'!$B$4,'ENTRY DATA'!FW22<='TABEL KONVERSI'!$C$4),2,IF(AND(FW22>='TABEL KONVERSI'!$B$5,'ENTRY DATA'!FW22<='TABEL KONVERSI'!$C$5),3,IF(AND(FW22>='TABEL KONVERSI'!$B$6,'ENTRY DATA'!FW22<='TABEL KONVERSI'!$C$6),4,"")))),"-") -> - | FZ22: =IF(FV22<>"",FV22,"-") -> - | GA22: =VLOOKUP(FX22,'TABEL KONVERSI'!$A$3:$D$7,4) -> - | GB22: =IF(FW22<>"",FW22,"-") -> - | GC22: =VLOOKUP(FY22,'TABEL KONVERSI'!$A$3:$D$7,4) -> - | GH22: =IF(GD22<>"",ROUND(GD22,0),"") | GI22: =IF(GE22<>"",ROUND(GE22,0),"") | GJ22: =IF(GH22<>"",IF(AND(GH22>='TABEL KONVERSI'!$B$3,'ENTRY DATA'!GH22<='TABEL KONVERSI'!$C$3),1,IF(AND(GH22>='TABEL KONVERSI'!$B$4,'ENTRY DATA'!GH22<='TABEL KONVERSI'!$C$4),2,IF(AND(GH22>='TABEL KONVERSI'!$B$5,'ENTRY DATA'!GH22<='TABEL KONVERSI'!$C$5),3,IF(AND(GH22>='TABEL KONVERSI'!$B$6,'ENTRY DATA'!GH22<='TABEL KONVERSI'!$C$6),4,"")))),"-") -> - | GK22: =IF(GI22<>"",IF(AND(GI22>='TABEL KONVERSI'!$B$3,'ENTRY DATA'!GI22<='TABEL KONVERSI'!$C$3),1,IF(AND(GI22>='TABEL KONVERSI'!$B$4,'ENTRY DATA'!GI22<='TABEL KONVERSI'!$C$4),2,IF(AND(GI22>='TABEL KONVERSI'!$B$5,'ENTRY DATA'!GI22<='TABEL KONVERSI'!$C$5),3,IF(AND(GI22>='TABEL KONVERSI'!$B$6,'ENTRY DATA'!GI22<='TABEL KONVERSI'!$C$6),4,"")))),"-") -> - | GL22: =IF(GH22<>"",GH22,"-") -> - | GM22: =VLOOKUP(GJ22,'TABEL KONVERSI'!$A$3:$D$7,4) -> - | GN22: =IF(GI22<>"",GI22,"-") -> - | GO22: =VLOOKUP(GK22,'TABEL KONVERSI'!$A$3:$D$7,4) -> - | GP22: =H22 -> 0 | GQ22: =T22 -> 0 | GR22: =AF22 -> 0 | GS22: =AR22 -> 0 | GT22: =BD22 -> 0 | GU22: =BP22 -> 0 | GV22: =CB22 -> 0 | GW22: =CN22 -> 0 | GX22: =CZ22 -> 0 | GY22: =DL22 -> 0 | GZ22: =DX22 -> 0 | HA22: =EJ22 -> 0 | HB22: =EV22 -> 0 | HC22: =FH22 -> 0 | HD22: =FT22 -> 0 | HE22: =GF22 -> 0 | HF22: =COUNTIF($GP22:$HE22,"=A") -> 0 | HG22: =COUNTIF($GP22:$HE22,"=B") -> 0 | HH22: =COUNTIF($GP22:$HE22,"=C") -> 0 | HI22: =COUNTIF($GP22:$HE22,"=D") -> 0 | HJ22: =IF(AND(HF22=0,HG22=0,HH22=0,HI22=0),"-",IF(MAX(HF22:HI22)=HF22,"A",IF(MAX(HF22:HI22)=HG22,"B",IF(MAX(HF22:HI22)=HH22,"C",IF(MAX(HF22:HI22)=HI22,"D","-"))))) -> - | HK22: =VLOOKUP(HJ22,'TABEL KONVERSI'!$B$11:$D$15,2,0) -> - | HL22: =I22 -> 0 | HM22: =U22 -> 0 | HN22: =AG22 -> 0 | HO22: =AS22 -> 0 | HP22: =BE22 -> 0 | HQ22: =BQ22 -> 0 | HR22: =CC22 -> 0 | HS22: =CO22 -> 0 | HT22: =DA22 -> 0 | HU22: =DM22 -> 0 | HV22: =DY22 -> 0 | HW22: =EK22 -> 0 | HX22: =EW22 -> 0 | HY22: =FI22 -> 0 | HZ22: =FU22 -> 0 | IA22: =GG22 -> 0 | IB22: =COUNTIF($HL22:$IA22,"=A") -> 0 | IC22: =COUNTIF($HL22:$IA22,"=B") -> 0 | ID22: =COUNTIF($HL22:$IA22,"=C") -> 0 | IE22: =COUNTIF($HL22:$IA22,"=D") -> 0 | IF22: =IF(AND(IB22=0,IC22=0,ID22=0,IE22=0),"-",IF(MAX(IB22:IE22)=IB22,"A",IF(MAX(IB22:IE22)=IC22,"B",IF(MAX(IB22:IE22)=ID22,"C",IF(MAX(IB22:IE22)=IE22,"D","-"))))) -> - | IG22: =VLOOKUP(IF22,'TABEL KONVERSI'!$B$11:$D$15,3,0) -> - | IH22: Pramuka | II22: B | IJ22: =IF(II22<>"",VLOOKUP(II22,'TABEL KONVERSI'!$A$19:$B$23,2,0),"") -> Aktif dalam mengikuti kegiatan | IK22: - | IL22: - | IM22: =IF(IL22<>"",VLOOKUP(IL22,'TABEL KONVERSI'!$A$19:$B$23,2,0),"") -> - | IN22: - | IO22: - | IP22: =IF(IO22<>"",VLOOKUP(IO22,'TABEL KONVERSI'!$A$19:$B$23,2,0),"") -> - | IQ22: - | IR22: - | IS22: =IF(IR22<>"",VLOOKUP(IR22,'TABEL KONVERSI'!$A$19:$B$23,2,0),"") -> - | IT22: - | IU22: - | IV22: =IF(IU22<>"",VLOOKUP(IU22,'TABEL KONVERSI'!$A$19:$B$23,2,0),"") -> - | IW22: - | IX22: - | IY22: - | IZ22: - | JA22: =SUM(N22,P22,Z22,AB22,AL22,AN22,AX22,AZ22,BJ22,BL22,BV22,BX22,CH22,CJ22,CT22,CV22,DF22,DH22,DR22,DT22,ED22,EF22,EP22,ER22,FB22,FD22,FN22,FP22,FZ22,GB22,GL22,GN22) -> 0 | JB22: =RANK(JA22,$JA$13:$JA$62,0) -> 1
